No,KOAjobID,RA,DEC,z,PSFFLUX_G,PSFFLUX_R,PSFMAG_G,PSFMAG_R,MI,extracted,use
1,20211,203.39910419999998,16.8177663,2.089,311.83615,357.62842,16.265184,16.11642,-29.570479499999998,True,False
2,0,186.3641577,22.58694160000001,2.052,275.24712999999997,319.26288,16.400692000000006,16.239628,-29.588113899999996,,
3,0,151.7992046,5.53580405,2.148,218.0489,300.5508700000001,16.653616,16.305204,-29.44922128,,
4,0,188.4813645,29.130300300000002,2.019,202.76038,243.83587999999997,16.732542000000002,16.532255,-29.17964835,,
5,0,205.343784,18.8705419,2.0140000000000002,149.07713,164.89665,17.066471,16.956970000000002,-28.67331385,,
6,0,196.12747190000002,13.0383403,2.128,124.887024,139.74329,17.258707,17.136671,-28.61894102,,
7,0,117.3116145,47.48448,2.043,130.13792,149.00308,17.21399,17.06701,-28.70739844,,
8,0,214.71277949999998,8.87446732,2.017,128.3389,140.14571999999998,17.229103,17.133549,-28.61715582,,
9,0,148.5237436,22.8586342,2.095794439,120.0455,125.38666,17.301634,17.254372,-28.44361918,,
10,0,187.5493371,40.2452683,2.045,117.55413999999999,132.75768,17.324404,17.19235,-28.53970558,,
11,0,228.0759579,24.127808899999998,2.127,115.74321,131.92686,17.341260000000002,17.199165,-28.50433006,,
12,0,156.83103119999996,7.11825146,2.1180000000000003,115.727974,126.82661399999999,17.341404,17.241974,-28.38720498,,
13,0,143.0365721,31.724467699999998,2.089,110.56151000000001,141.38118,17.39099,17.12402,-28.60715972,,
14,0,193.5951801,26.334761600000004,2.042,109.32593500000002,110.90666999999999,17.40319,17.387604,-28.21832603,,
15,0,202.0051631,57.5202654,2.083,108.77941000000001,144.43155,17.408632,17.100842999999998,-28.507933500000004,,
16,0,36.13163323,-5.471921,2.0980000000000003,108.76226000000001,133.45633999999998,17.408804,17.186651,-28.49837541,,
17,0,222.81352859999998,5.49311188,2.05,108.57217,112.71418999999999,17.410704,17.370051999999998,-28.33624896,,
18,1278,27.4351386,15.0185468,2.07,106.78613,114.72068,17.428713000000002,17.350895,-28.38897918,True,True
19,0,183.538566,53.01229839999999,2.134580374,105.54042,120.57613,17.441451999999998,17.296846,-28.44080041,,
20,0,175.48099230000003,53.21881310000001,2.13,103.46771,135.62921,17.462988,17.169117,-28.54275853,,
21,8918,187.1040394,31.477127199999998,2.22,372.58768,462.5238,16.071928,15.837164999999999,-29.991162100000004,True,True
22,0,166.5446493,64.00278560000001,2.205111027,357.33524,389.61782999999997,16.11731,16.023403,-29.69202334,,
23,11116,184.68080780000003,15.6047939,2.268498421,281.3639,303.9801,16.376829999999998,16.292887,-29.57933967,True,False
24,0,320.8727851000001,-0.8480365,2.274,213.51873999999998,269.45782,16.67641,16.423773,-29.46615254,,
25,0,162.6905108,54.78867020000001,2.173,194.66737,182.82224,16.776768,16.844927,-28.88704676,,
26,0,177.643894,65.65793910000001,2.224206209,190.57275,240.68677999999997,16.799849,16.54637,-29.33173467,,
27,0,142.4674202,35.9138425,2.15,180.18718,182.42451,16.860689999999998,16.847292000000003,-28.76121974,,
28,0,235.8728058,33.985749600000005,2.16,179.7038,265.8305,16.863607000000002,16.438488,-29.35482915,,
29,0,132.1921311,61.2096343,2.258166552,172.3167,191.19873,16.909182,16.796288,-29.18114196,,
30,0,162.9947584,40.293532299999995,2.1790000000000003,170.69075,205.39288,16.919476,16.718536,-28.92146811,,
31,0,157.27961399999995,65.17357779999999,2.175,167.08018,191.26604,16.942688,16.795904,-28.89020917,,
32,0,128.57135520000003,35.80920120000001,2.1630000000000003,143.61064,169.74496000000005,17.107032999999998,16.925507,-28.84621652,,
33,0,131.4110921,34.3454491,2.154,136.00162,163.85368,17.16614,16.96386,-28.73046698,,
34,0,191.30361630000002,19.790975600000003,2.173,135.77751,152.9398,17.16793,17.038698,-28.66297716,,
35,0,215.28630809999999,22.6881707,2.184035063,125.655014,134.58975,17.25205,17.17747,-28.79809244,,
36,0,122.8643533,46.303591,2.2569999999999997,123.11688000000001,142.94299999999996,17.274206,17.112092999999998,-28.73519654,,
37,0,237.5568514,20.031820800000002,2.191,120.57106999999999,140.35846,17.296892,17.131903,-28.89322118,,
38,0,184.4027409,51.919529299999994,2.224982023,119.9967,106.10398,17.302076,17.435669,-28.44455696,,
39,0,188.08665200000002,39.9689221,2.281042099,115.98382600000001,114.00655,17.339006,17.357674,-28.37138058,,
40,0,197.2211707,36.282936299999996,2.296514034,104.95206999999999,108.86035,17.447521,17.407823999999998,-28.36336312,,
41,0,178.2567003,21.854862899999997,2.369543314,212.46545,211.63744,16.68178,16.686018,-29.23728409,,
42,0,246.7580943,31.596999999999998,2.318,187.09607,194.85806000000002,16.819838,16.775703,-29.07377196,,
43,0,184.5457805,24.2363628,2.381,169.6083,163.40403999999995,16.926382,16.966843,-28.92691893,,
44,0,235.99764190000002,53.98420279999999,2.370181322,159.37326000000004,153.09964,16.993961,17.037563000000002,-28.88192215,,
45,19680,167.9650345,13.5433138,2.4330000000000003,129.0989,149.11386000000005,17.222692000000002,17.066204,-28.85723973,True,False
46,0,206.4709895,13.508390599999998,2.314,123.68053,133.81476999999998,17.269247,17.183739000000006,-28.63723722,,
47,0,227.84711600000003,49.8503511,2.4,93.69505,133.01256999999998,17.570707000000002,17.190268,-28.77953278,,
48,20308,133.5734071,53.459789799999996,2.415,100.453354,132.1363,17.495089,17.197443,-29.00035736,True,True
49,0,146.5096493,27.7352993,2.44,95.89735999999999,128.125,17.545482999999994,17.230915,-28.93580136,,
50,0,175.9596086,36.4864854,2.343,110.659966,118.738075,17.390022000000002,17.313523999999994,-28.57152374,,
51,0,214.85618440000002,7.83154381,2.394,99.17424,114.07553999999999,17.509003,17.357018,-28.61356572,,
52,21387,166.8982221,64.33585210000001,2.33,99.41185,111.20512,17.506403,17.384687,-28.48078263,True,False
53,0,188.81589230000003,63.020458999999995,2.394,101.43406,108.30298,17.484539,17.413397,-28.55703381,,
54,22449,359.5355914,1.41866792,3.395,68.92975600000001,107.39707,17.903982,17.422518,-29.26668125,True,check
55,0,143.51653190000005,31.8920374,2.422119141,69.356926,106.77798,17.897274,17.428795,-28.76559598,,
56,23057,252.90636809999998,40.0386162,2.341467142,105.85314,106.16,17.43824,17.435097,-28.557228000000002,True,False
57,23874,13.14030208,1.67802059,2.301,93.94089,105.68388,17.567861999999998,17.439976,-28.46908806,True,False
58,24864,248.55328340000003,32.059851300000005,2.355,99.62261,103.95324000000001,17.504105,17.457902999999998,-28.58867789,False,False
59,0,151.3166253,48.0925826,2.39,105.231476,103.95238,17.444635,17.457912,-28.37249286,,
60,0,130.38813259999998,20.090491699999998,2.342,28.693699,101.799286,18.855522,17.480636999999998,-28.86553596,,
61,27161,241.23082119999998,38.2004543,2.54,353.66472999999996,420.4195,16.128521,15.940793,-30.12739561,True,check
62,0,246.90893880000002,41.32125,2.565,159.01231,168.66551,16.996422,16.932434,-29.08423346,,
63,28841,175.99385039999999,5.41250108,2.563,138.57811999999998,161.01859,17.145763,16.98281,-29.08776896,True,False
64,0,209.9727059,13.3005478,2.45,132.36533,160.53326,17.195564,16.986086,-28.95702096,,
65,0,243.74306969999998,14.8102731,2.565,138.4976,146.85093999999995,17.146395000000002,17.082808,-29.06261557,,
66,0,212.48157740000002,56.4740072,2.575,95.60396,144.2481,17.54881,17.102224,-28.96450560000001,,
67,30535,209.6324247,5.08967152,2.456,131.97943,136.24438,17.198733999999998,17.164202,-28.85394203,True,False
68,31391,233.24270499999997,30.9851657,2.58,122.50296999999999,135.44788,17.279633,17.170568,-28.92010388,True,check
69,0,210.16250330000003,11.339557699999999,2.589,115.90451999999999,131.75955,17.339748,17.200544,-28.899232899999998,,
70,2410,176.27052369999996,62.773468099999995,2.532,115.038246,130.2656,17.347893,17.212925,-28.80321891,True,check
71,0,234.30942169999997,27.2699087,2.465,108.81991000000001,125.87786000000001,17.408228,17.250126,-28.76773452,,
72,0,246.4533219,26.782992999999998,2.535,116.32718999999999,115.41768,17.335796,17.344317999999998,-28.6744533,,
73,0,182.5425641,39.6600258,2.461,101.20466,114.74108000000001,17.486998,17.350702,-28.66994212,,
74,4130,182.01102230000004,63.0580554,2.583618164,100.17744,114.44596999999999,17.498074,17.353498000000002,-28.74314825,True,False
75,0,148.9081031,33.58443,2.51,103.99498,112.98196000000002,17.457468,17.367476,-28.67103848,,
76,0,221.2123284,14.377106900000001,2.5180000000000002,79.48826600000002,109.28303999999999,17.74924,17.403616,-28.79880667,,
77,5720,149.3111347,54.6715371,2.589739561,106.54816000000001,109.05671000000001,17.431135,17.405869,-28.67873616,False,False
78,0,172.69998700000005,26.235444199999996,2.512925863,96.138756,107.973625,17.542753,17.416704,-28.62493408,,
79,0,234.3156169,58.4927624,2.595,78.30766,106.63576,17.765488,17.430239999999998,-28.82363765,,
80,0,169.84544609999998,20.829628399999997,2.461204767,101.43115,102.81638000000001,17.484571,17.469843,-28.48285029,,
81,0,152.9816564,29.6948857,2.64,345.42606,361.6424,16.154111999999998,16.104301,-30.10601565,,
82,8314,15.79696049,13.2716089,2.705,232.16211,282.27797999999996,16.585522,16.373307999999998,-29.92950025,True,False
83,0,26.319158299999998,-9.754818199999999,2.7250308989999996,212.55049,241.10617000000002,16.681345,16.54448,-29.70074137,,
84,0,175.7261011,26.91598560000001,2.625,188.77391,216.25522999999998,16.810144,16.662582,-29.45881355,,
85,13740,184.8782149,49.6811765,2.700899363,147.57672,170.644,17.077456,16.919771,-29.35377778,True,check
86,16127,218.75224920000002,53.99825720000001,2.633,150.87553,160.54494,17.053453,16.986007999999998,-29.10418999,True,False
87,0,17.02677266,16.5972158,2.6439999999999997,129.31857,156.1657,17.220848,17.016035000000002,-29.32069723,,
88,20277,125.28172430000001,31.130867699999996,2.608,121.58466999999999,149.69382,17.287802,17.061989,-29.23404496,True,False
89,0,169.8096949,60.0826375,2.635,129.3344,138.74413,17.220715,17.144463000000002,-29.02029848,,
90,0,172.57239119999997,7.53692579,2.658,111.1319,122.77045,17.385403,17.277264000000002,-29.04447705,,
91,0,166.78506819999996,4.60498078,2.66,85.21454,115.15947,17.673714,17.34675,-28.98584423,,
92,0,183.95754409999998,-0.5756051999999999,2.6830000000000003,98.55981,114.31875,17.515749,17.354706,-28.97886101,,
93,31190,198.20305009999998,42.8768847,2.625669956,95.118965,111.29763,17.55433,17.383782999999998,-28.77392359,True,check
94,553,123.1695347,32.135719300000005,2.7030000000000003,72.27481999999998,103.83926,17.852531,17.459095,-28.90317246,True,check
95,0,136.3644188,48.8471949,2.6875600810000004,94.49531999999999,99.10346,17.561474,17.509777,-28.7342842,,
96,0,181.5403789,0.75628927,2.693,64.29897,98.70854,17.979488,17.514112,-28.84191556,,
97,0,154.9500066,35.69623950000001,2.68446517,87.91118,98.37939,17.639889,17.517738,-28.580399600000003,,
98,0,236.8957977,41.477857799999995,2.731971264,80.89281,98.142235,17.730225,17.520359,-28.78470415,,
99,0,176.0327865,64.7467405,2.720301867,84.68645,95.10710999999999,17.680464,17.554466,-28.70226551,,
100,2606,151.3233802,61.9048904,2.736,65.10185,92.27261999999999,17.966015,17.587317000000002,-28.63754467,False,False
101,0,237.9686,19.1844606,2.85,379.58822999999995,442.82352000000003,16.051718,15.884423000000002,-30.55535265,,
102,27101,242.18292659999997,7.25239986,2.8810000000000002,195.97356000000002,233.78445,16.769506,16.577961,-29.99046011,True,check
103,0,188.95612480000003,59.174254299999994,2.822778702,154.22455,168.61913,17.029615,16.932732,-29.50425786,,
104,20666,20.48349142,14.806646100000002,2.872244358,128.31933999999998,146.80238,17.229269,17.083166000000002,-29.35887682,True,False
105,21933,207.6861157,57.27859839999999,2.898810148,107.462944,137.28627,17.421851999999998,17.155931,-29.36287087,True,check
106,0,158.2078646,5.68843065,2.851416588,115.3714,135.6516,17.344753,17.168938,-29.22682023,,
107,0,240.98303680000004,57.515111499999996,2.8548200130000003,106.33256000000002,116.58408999999999,17.433334,17.3334,-28.99890737,,
108,0,204.19644409999998,-0.8158687,2.808242559,103.26623000000001,103.37685400000001,17.465103,17.46394,-28.81221142,,
109,0,189.4784411,8.68521881,2.883,79.12965,102.954895,17.75415,17.468382000000002,-29.11147179,,
110,27965,179.9987934,41.0313711,2.84,77.08059,100.66790999999999,17.782637,17.492770999999998,-29.03533477,True,False
111,0,136.6591089,17.3731747,2.79,73.293304,98.460625,17.837336999999994,17.516842,-29.05000091,,
112,32629,143.0310697,36.9626446,2.883063555,85.15554,98.29711999999999,17.674467,17.518646,-28.8250605,True,False
113,0,226.4400685,51.3777524,2.801057577,83.31418000000002,93.05049,17.698202,17.578201,-28.85601096,,
114,0,203.8473888,49.1097482,2.824,71.007774,89.57509,17.871733,17.619529999999994,-28.93941595,,
115,0,194.44048080000002,21.3708311,2.8727362160000003,76.824905,86.396866,17.786243,17.658752,-28.72169355,,
116,0,173.7837126,22.4543325,2.885,72.45956,85.90155,17.84976,17.664995,-28.68154654,,
117,0,245.8797662,48.311712899999996,2.8500814439999997,63.417232999999996,82.87075,17.99448,17.703995000000006,-28.72344633,,
118,2161,237.76413459999998,9.14700941,2.7510000000000003,73.600624,81.28694,17.832794,17.724945,-28.57103342,False,False
119,0,326.63893219999994,0.05516865,2.7975325580000003,71.08658,80.074905,17.87053,17.741257,-28.71614693,,
120,0,175.1762082,-1.402202,2.75214529,72.78183,80.003395,17.84494,17.742226000000006,-28.45166781,,
121,0,180.0260286,31.441909600000002,2.98,226.81672999999998,272.10974,16.610810999999998,16.41314,-29.998060499999998,,
122,0,167.6609793,48.521032,2.9594771860000004,184.64717,204.44534,16.834143,16.723557,-29.80157576,,
123,5907,180.880375,15.381878699999998,2.985,160.30723999999995,173.65563999999995,16.987617,16.900778,-29.53034906,False,False
124,0,136.0973864,13.155753,2.983287096,93.273705,133.84245,17.575602,17.183514000000002,-29.31207253,,
125,0,146.8924879,14.3547089,3.030834198,111.70416999999999,129.68765,17.379826,17.217751999999994,-29.4247327,,
126,6241,218.31716659999998,31.5239841,2.947280645,110.02293999999999,127.44383,17.396292000000006,17.236701999999998,-29.15897785,True,check
127,0,136.2870199,30.965934700000002,3.023,99.63331600000001,113.18741000000001,17.503988,17.365503,-29.05352297,,
128,6932,207.0490364,28.3005103,2.9739999999999998,95.18841,110.7878,17.553539999999998,17.38877,-29.03449398,True,check
129,0,338.5374753,0.00047000000000000004,3.025446415,83.36239,109.74472,17.697573000000006,17.39904,-29.16661068,,
130,0,227.34743419999998,24.545353,3.045,54.611805000000004,101.846634,18.156779999999998,17.480131,-29.33027272,,
131,0,228.4688622,8.93214558,2.9013252260000004,79.72249599999998,98.61998,17.746046,17.515085,-29.24181417,,
132,0,219.8014318,29.913353999999998,2.991817713,87.06770999999998,96.0699,17.650356,17.54353,-28.8761511,,
133,0,124.5655976,16.7066266,2.915,78.61971,95.08726999999999,17.76117,17.554693,-28.86981486,,
134,0,199.8648906,44.94903729999999,2.99,57.92261,93.09186,18.092876,17.577719000000002,-29.24655449,,
135,0,156.10230869999995,58.9656288,2.9536261560000003,76.411575,92.48774,17.7921,17.584787,-28.88200609,,
136,0,200.73192949999998,39.202223,2.986738205,78.68465,89.59167,17.760273,17.619329999999994,-28.771983799999997,,
137,0,118.35883159999999,40.5107326,2.930449724,75.66481,86.01214,17.802763,17.663598999999994,-28.72426818,,
138,12710,205.86971499999999,57.36309050000001,3.0386595730000003,77.96265,85.080215,17.770283,17.675426,-28.64218,True,False
139,0,195.90506609999997,19.8241007,2.9602537160000004,72.96356999999998,84.61921,17.842234,17.681326000000006,-28.72856955,,
140,0,230.33200150000002,-0.8052251,2.9341840739999996,67.15621,83.715096,17.932282999999995,17.692987,-29.04073213,,
141,0,216.7341163,60.43078489999999,3.1860000000000004,253.2413,309.9201700000001,16.491163,16.271875,-30.25827078,,
142,0,153.69659230000005,43.008381899999996,3.1,175.45166,236.93745,16.889606,16.563416,-30.06658761,,
143,17387,156.81157240000005,35.7215035,3.1039999999999996,185.31554,221.76836,16.83022,16.63525,-29.83061005,True,True
144,0,177.59824719999997,28.3187483,3.1180000000000003,115.87841,161.88141000000005,17.339993,16.977007,-29.63835396,,
145,0,175.7869986,34.872857700000004,3.155280828,127.52565,147.62268,17.236006,17.077116,-29.501454499999998,,
146,21263,211.94681749999998,64.90558539999999,3.098686695,106.27936000000001,138.125,17.433876,17.149319000000002,-29.33582127,True,check
147,0,158.5821559,19.2061593,3.1442391869999997,89.97691,123.23066999999999,17.614672,17.273203,-29.39800476,,
148,0,191.6544271,26.4167416,3.132402182,84.13898499999998,115.84200000000001,17.687506,17.340334,-29.24413959,,
149,22839,233.0066905,37.000662899999995,3.099258184,87.99715,112.22845,17.638828,17.37474,-29.29569638,True,False
150,0,167.83579319999996,24.62802000000001,3.1847834589999997,74.262924,105.84194,17.823069,17.438354,-29.28498313,,
151,24398,182.32472769999998,11.6417619,3.102698803,90.77611,104.59513000000001,17.60507,17.451220000000006,-29.02880359,True,check
152,0,197.77298000000002,51.0105958,3.1510000000000002,76.207695,99.67734,17.795002,17.503508,-28.96192362,,
153,0,135.26224330000002,35.8245956,3.113391638,75.61578,94.17449,17.803467,17.565165,-29.11490017,,
154,0,142.13697439999999,18.8067985,3.15,33.887386,87.87268,18.674896,17.640364,-29.09157286,,
155,28334,117.3662982,41.878425899999996,3.109782219,75.08315,86.28838,17.811142,17.660116,-28.95055423,True,True
156,0,177.21445590000005,23.2279,3.08312273,54.437904,83.32942,18.160244,17.698002,-29.27365584,,
157,30459,155.0416398,10.667426400000002,3.159,54.40891,80.7646,18.160822,17.731945,-28.93035719,True,check
158,32223,155.48566630000005,30.027899199999997,3.120274782,69.89041,79.973465,17.888954000000005,17.742632,-28.70202124,True,False
159,0,151.43882250000001,30.1411804,3.115,49.235797999999996,75.8628,18.269295,17.799925,-28.91432545,,
160,0,183.7328051,51.7199468,3.082,59.572777,73.106064,18.062378,17.840113,-28.64590296,,
161,2425,116.3407864,47.5767232,3.22,223.7695,288.88876,16.625498,16.348173000000006,-30.31315566,True,True
162,4508,135.1396209,42.2630579,3.293,143.6103,195.35818,17.107035,16.772920000000006,-29.86537253,True,check
163,0,120.32414809999999,52.1762655,3.2089999999999996,122.53409599999999,172.25346000000005,17.279358,16.90958,-29.80304084,,
164,8842,145.5085177,4.37904018,3.2739999999999996,109.8962,129.83827,17.397543,17.216492000000002,-29.42159855,True,True
165,10921,180.43486230000002,1.26990389,3.233,80.92477,111.18638600000001,17.729795000000006,17.384870000000006,-29.20373522,True,check
166,0,149.71748480000005,12.045845199999999,3.298,75.59299,105.08554,17.803795,17.44614,-29.13926799,,
167,14335,164.3117566,44.056622600000004,3.34,60.99503299999999,99.57255,18.036762,17.50465,-29.17693581,True,False
168,0,228.4029424,43.11897620000001,3.2867560389999997,57.988884,83.31103,18.091635,17.698242,-28.95901992,,
169,21001,216.43047620000002,54.105444299999995,3.247,56.868526,82.54021,18.112818,17.708334,-29.07327543,True,check
170,0,196.7927099,12.5060304,3.202,64.7949,81.820984,17.971146,17.717836,-28.96461832,,
171,0,213.3377409,9.36801886,3.327,51.1898,80.61326600000002,18.227037,17.733982,-29.11147472,,
172,0,253.84620669999998,18.785684399999997,3.3480000000000003,47.173522999999996,74.47236,18.31575,17.82001,-29.05089161,,
173,22639,138.79173319999998,47.9496693,3.3360998630000003,54.277522999999995,73.26489000000002,18.163446,17.837757,-28.78730461,True,check
174,0,151.54396359999996,37.0871852,3.2042324539999996,67.96565,72.90456,17.919275,17.843110999999997,-28.78745942,,
175,0,225.88408419999996,36.6883534,3.2569999999999997,36.120922,71.403435,18.605597,17.8657,-29.17871670000001,,
176,0,229.6920728,48.379378700000004,3.2939999999999996,44.330975,70.56363,18.383226,17.878544,-28.85871217,,
177,0,157.3506953,42.6367398,3.275,53.48570600000001,69.16778000000001,18.179403,17.900238,-28.75437613,,
178,0,210.0577042,38.9050006,3.283,45.15845,63.286933999999995,18.363148000000002,17.996712,-28.7017983,,
179,0,156.290153,4.87966551,3.2301719189999996,49.146294,61.91016800000001,18.271269,18.020592,-28.62547053,,
180,0,27.21107657,-9.1202599,3.3169999999999997,39.041092,61.532306999999996,18.521189,18.027237,-28.74760801,,
181,0,179.9763799,20.3225326,3.425,61.356944999999996,128.87683,18.030338,17.224562,-29.59988386,,
182,0,189.17269530000002,65.9117806,3.385,74.27788000000002,120.44588999999999,17.82285,17.29802,-29.46427485,,
183,0,167.8296029,13.6010825,3.475,56.749886,119.76448,18.115085999999998,17.304178,-29.50779334,,
184,25922,215.3499312,46.554989,3.445,64.46753000000001,112.59435,17.976645,17.371208,-29.44217967,True,False
185,27971,142.3104174,28.424763399999996,3.395,42.90461,96.76718000000001,18.418736,17.535679000000002,-29.19747501,True,False
186,29524,185.92982460000002,50.631519899999994,3.4911410810000003,47.180267,91.87191999999999,18.315596,17.592041000000002,-29.26988512,True,check
187,2258,155.85548319999995,51.714186100000006,3.4653987880000003,41.04855,79.82605,18.466751000000002,17.744637,-29.08150089,True,False
188,0,239.80144930000003,48.47221320000001,3.407761335,42.464863,78.452484,18.429920000000006,17.763481,-29.04676263,,
189,0,197.700515,36.2659207,3.429456472,31.483913,74.88606,18.75477,17.813995000000006,-29.02338565,,
190,0,44.77347805,0.18942791,3.3727419380000003,48.64359,74.099594,18.282432999999997,17.825459,-28.9689478,,
191,0,149.671736,28.4582191,3.4,39.392179999999996,73.24875,18.511469,17.837997,-28.92858634,,
192,0,158.7346365,3.98317264,3.3610229489999996,39.393190000000004,70.11538,18.511442000000002,17.885464000000006,-28.97360937,,
193,0,356.60695519999996,-0.2667848,3.4989999999999997,33.44077,67.77252,18.6893,17.922363,-28.97754358,,
194,0,217.26263390000003,-1.7553781000000002,3.42,31.920832,59.358498,18.739805,18.066288,-28.86569479,,
195,0,177.4442081,18.2216097,3.43,33.928535,56.788880000000006,18.673579999999998,18.114335999999998,-28.70872264,,
196,0,137.9802989,32.4015704,3.4389999999999996,25.157505,55.48141,18.998317999999998,18.139626,-28.82184727,,
197,8741,126.39665819999999,51.45176970000001,3.495437145,19.03172,54.940113000000004,19.301281,18.150270000000006,-28.82537799,True,False
198,0,141.2361215,30.898542100000004,3.457370281,22.9075,53.54519300000001,19.100039000000002,18.178194,-28.80001601,,
199,0,149.0212292,14.815196900000002,3.4776842589999997,23.100597,51.923874,19.090925,18.211576,-28.60424237,,
200,10588,178.9108655,5.51406146,3.463,20.400806,51.300045000000004,19.22586,18.224698999999998,-28.68660789,True,False
201,29561,180.4496128,12.1084171,3.5039999999999996,48.152786,107.97941599999999,18.293442000000002,17.416647,-29.41771803,True,True
202,0,220.708831,9.33376553,3.529,52.402264,98.44256,18.201622,17.517039999999998,-29.32441864,,
203,32118,118.2639027,42.5252298,3.5941438669999997,37.251312,88.739235,18.57214,17.62971,-29.34088861,True,check
204,0,162.4560926,59.5775423,3.53854394,43.472843,87.137314,18.40445,17.649488,-29.20183297,,
205,480,223.5373187,51.2454913,3.6397047039999997,36.59746,92.97759,18.591366,17.579051999999994,-29.20044407,True,check
206,0,215.6792733,44.289286499999996,3.615,18.21098,53.718815,19.34914,18.174679,-29.16774042,,
207,0,182.3938691,55.6293113,3.5869999999999997,30.58015300000001,72.98798000000002,18.786392000000006,17.84187,-29.018168499999998,,
208,0,231.15035989999998,21.385861300000002,3.59163785,30.675621000000003,72.59650400000002,18.783007,17.847707999999994,-29.07230009,,
209,0,194.9946876,61.0230289,3.572,24.735197,58.952488,19.016697,18.07374,-28.86724515,,
210,0,221.3186134,9.97669066,3.540707588,35.45802,68.12727,18.625708,17.916695,-28.86181025,,
211,0,149.41029,25.647974899999998,3.595,27.342218,58.440464,18.907904000000002,18.083212,-28.89998251,,
212,1956,212.9486661,14.3649805,3.546126366,24.779757999999998,57.54115,19.014744,18.100048,-28.73024168,True,False
213,0,236.1874528,43.5591326,3.51,24.051218,55.732245999999996,19.047142,18.134729999999998,-28.69149561,,
214,2670,248.25056980000002,36.4846843,3.575,15.58235,47.838696,19.518381,18.300545,-28.69787035,True,False
215,0,145.3257604,14.141055800000002,3.522,24.929659,53.76384,19.008195999999998,18.173769,-28.70200844,,
216,0,186.5087567,13.3540365,3.543,22.955814,51.31545,19.097752,18.224373,-28.65363415,,
217,3105,203.2271466,0.88073168,3.507107258,22.051037,45.70486500000001,19.141409,18.350085999999997,-28.61809092,True,check
218,0,152.7948535,42.6603188,3.562232733,18.94756,50.063790000000004,19.306093,18.251184,-28.63187425,,
219,0,22.80521434,8.87932907,3.532,22.16484800000001,47.78998,19.135820000000002,18.301651,-28.63943555,,
220,0,223.0623517,38.4424189,3.545941353,23.566183,45.727913,19.069262,18.349539,-28.57007399,,
221,0,151.853657,58.034399300000004,3.768014908,34.155537,109.44856000000001,18.666339999999998,17.401974,-29.43973027,,
222,0,192.4884971,-1.9913348999999998,3.665,30.742962,70.89296,18.780626,17.87349,-29.00944707,,
223,0,173.3926304,13.0981243,3.682,20.695284,63.17169000000001,19.2103,17.99869,-28.92172321,,
224,4141,246.6059682,43.4889432,3.735,19.346834,63.945156000000004,19.283451,17.985477,-28.87333101,True,False
225,0,220.55455330000004,39.3155729,3.657299519,23.077358,50.317688000000004,19.092018,18.245691,-28.69126202,,
226,0,185.1164898,26.3176652,3.700623989,15.251292000000001,52.06058,19.541695,18.208721,-28.72577832,,
227,0,196.2190749,2.65692661,3.6430000000000002,16.623371,43.076096,19.44817,18.4144,-28.60923334,,
228,0,225.87035690000002,4.33028259,3.663614035,17.866016000000005,58.343,19.369904000000002,18.085024,-28.66182068,,
229,0,208.19990719999998,13.0532095,3.693,21.206329999999998,50.449776,19.183817,18.242846,-28.61113526,,
230,0,150.1712762,40.9942161,3.796133041,18.184607,41.16771,19.350714,18.463598,-28.43405515,,
231,0,132.38509390000002,40.379788500000004,3.745,9.647522,36.36352,20.038866,18.598323999999998,-28.40727767,,
232,0,163.41981819999995,1.05992771,3.66966629,17.50638,38.262245,19.391981,18.543064,-28.39975112,,
233,0,128.4235325,30.5635627,3.774281263,16.361833999999998,38.885708,19.465387,18.525515,-28.45216107,,
234,0,180.9669676,9.65213624,3.693,10.86022,35.17157,19.91033,18.634508,-28.33280922,,
235,5747,164.7668927,23.113455,3.770752907,12.402655000000001,39.14255,19.766157,18.518368,-28.35725567,False,False
236,0,42.990336799999994,-4.1690316,3.692453623,15.687259,37.01376,19.511097,18.579079999999998,-28.359426199999998,,
237,0,139.6458687,15.0402232,3.753,8.46562,29.457067,20.18073,18.827007000000002,-28.38068712,,
238,0,229.5965586,26.064823899999997,3.6630000000000003,14.423714000000002,36.7218,19.602264,18.587679,-28.34016159,,
239,0,180.0784509,10.96649,3.764,6.06502,31.073109999999996,20.542679999999997,18.769022,-28.35973614,,
240,0,3.8356116719999997,0.4546146,3.69436717,19.615005,38.205044,19.268507,18.544687,-28.31125417,,
241,0,249.7879551,28.41309960000001,3.815,25.603165,109.493706,18.979252,17.401525,-29.71563734,,
242,0,221.4281555,49.046929399999996,3.880037785,27.875282000000002,109.48085,18.88694,17.401653,-29.44874897,,
243,0,204.5836204,56.197342000000006,3.8014123439999996,32.900887,83.13779,18.706972,17.700502,-29.23351705,,
244,0,249.9605048,43.66769779999999,3.99,20.257925,63.96738000000001,19.233492000000002,17.9851,-29.22004117,,
245,0,199.8091753,52.0333612,3.91,25.555843,74.35512,18.98126,17.821720000000006,-29.11433906,,
246,0,161.21375790000005,24.5640358,3.855,18.407232,58.995174,19.337502999999998,18.072954,-28.92686862,,
247,6490,123.64664579999999,50.4962126,3.88,16.286825,50.35064000000001,19.470375,18.244982,-28.94456996,True,False
248,0,129.634699,20.0283582,3.8906881810000002,19.815147,55.401577,19.257483999999998,18.141189999999998,-28.89543499,,
249,0,177.9653954,22.7030163,3.827772856,26.353868,56.8042,18.947876,18.114044,-28.85826165,,
250,0,173.9016851,8.70529848,3.847,17.256697,48.88733,19.407576000000002,18.277002,-28.8161854,,
251,0,251.10408560000002,27.6934972,3.885,12.90058,43.75148400000001,19.723425,18.39751,-28.86904871,,
252,0,208.5196777,46.1235372,3.832971811,14.437954000000001,42.509205,19.601194,18.428783,-28.66909607,,
253,0,167.730063,43.0861424,3.839,7.077306,36.47736,20.375154000000002,18.594929999999998,-28.65301319,,
254,0,214.0632686,24.0991464,3.886757135,12.029904,39.88055,19.799284,18.498086999999998,-28.56117149,,
255,0,163.1894858,39.2631618,3.946403503,9.992776,43.548515,20.000695999999998,18.40256,-28.58242527,,
256,0,211.68533140000002,20.7180522,3.936152458,12.574146,46.974102,19.751247,18.320347,-28.62150284,,
257,0,156.5795156,61.6080944,3.8452877999999995,11.56638,36.519405,19.84194,18.59368,-28.50326711,,
258,0,249.6976019,23.4545691,3.823,7.886878,34.49903,20.257595000000002,18.65547,-28.54983983,,
259,0,174.762993,33.9174175,3.938,10.963192,39.99681500000001,19.900084,18.494926,-28.52205073,,
260,0,132.4903493,54.5916019,3.83,10.954448,39.362705,19.900951,18.512278,-28.47580421,,
261,0,149.9046283,13.2043119,4.064,24.461477,104.81644,19.028778,17.448925,-29.665757,,
262,0,179.7771867,13.6271489,4.05,19.890608,67.77062,19.253357,17.922394,-29.482961199999995,,
263,0,147.5585482,58.0268172,3.972927332,21.760279999999998,87.82159,19.155820000000002,17.640995,-29.31908167,,
264,0,185.00346519999997,25.7085391,4.034216881,15.522716500000001,60.229088,19.522545,18.05048,-29.103060100000004,,
265,0,191.7373114,18.8241296,3.96865201,16.347437,59.105854,19.466343,18.070919,-28.96590713,,
266,0,41.19913385,-8.268342,4.070667744,14.124227,54.167235999999995,19.625044,18.165653,-29.03241107,,
267,0,347.9015307,24.9701581,3.9922299389999996,12.994535,45.56507,19.715546,18.353413,-29.05472355,,
268,0,128.7955095,6.84799843,3.99,11.841127,40.742252,19.816454,18.474878,-28.81234158,,
269,0,226.5223298,34.1097925,3.984089136,7.490989999999999,42.577553,20.313496,18.427039999999998,-28.74945488,,
270,0,41.23826323,-1.1360832,3.978,11.055238000000001,40.790874,19.891008,18.473582999999998,-28.69437912,,
271,0,122.7286592,46.0660723,4.087709427,6.7433515,34.84385,20.427618,18.644672,-28.69617042,,
272,0,149.3464194,23.313726100000004,4.020279884,11.734441,41.25088,19.82628,18.461409,-28.63947479,,
273,0,150.3108154,21.2528946,3.9564568999999996,7.7475695999999985,36.0157,20.27694,18.608759,-28.53484109,,
274,0,146.1654019,56.3289389,3.992,7.7875633,33.836155,20.27135,18.676535,-28.52349644,,
275,0,160.24036040000001,51.7516181,4.045404434,8.680035,37.17386,20.153579999999998,18.574394,-28.55177942,,
276,0,148.3116444,63.447944799999995,4.071088791,9.599019,29.607721,20.044338,18.82147,-28.57989452,,
277,0,189.1177822,34.3343955,4.079,8.516502000000001,30.49193,20.174225,18.78952,-28.51031836,,
278,0,158.0879686,9.46361055,3.98,8.826406,29.64234,20.135427,18.820202,-28.46762366,,
279,0,224.65624790000004,8.52530649,4.075,5.0394006,22.510668,20.743706,19.118998,-28.46603367,,
280,0,143.97692849999999,52.937904,4.020220757,6.551214,28.968003999999997,20.45899,18.845184,-28.36680214,,
281,0,201.5493721,7.73288485,4.115,14.598573000000002,81.07069399999997,19.589182,17.727839000000003,-29.53122718,,
282,0,147.3844564,3.59216372,4.107221603,15.033370000000001,61.384937,19.55732,18.02984,-29.29177123,,
283,7260,32.43591485,5.28712822,4.184233665,11.485771000000002,41.870876,19.849532999999997,18.445210999999997,-29.23543354,True,check
284,8106,116.7964413,27.65092700000001,4.125535488,11.174446000000001,41.6372,19.879364000000002,18.451286,-29.18585273,True,False
285,8944,149.43529080000005,33.139101000000004,4.177787304,7.205576400000001,37.89605,20.35566,18.553504999999998,-29.02809337,True,False
286,0,21.75287771,-0.76644,4.105,13.295398,48.19021,19.690697,18.292597,-29.01818173,,
287,10408,23.41798641,4.0166034,4.172,8.53784,42.34165,20.171509,18.433070999999998,-29.00333311,True,check
288,0,159.38494540000005,7.07395732,4.125,11.82289,42.650574,19.818129000000006,18.425179,-28.9156235,,
289,0,170.3176008,18.0416982,4.249572754,7.6002445000000005,30.954975,20.29778,18.773157,-28.94727495,,
290,11329,226.7272971,52.3346488,4.148,3.819267,33.233546999999994,21.044447,18.696045,-28.78611941,True,False
291,0,145.9568855,9.90026677,4.165,4.7186165,26.35245,20.815070000000002,18.947926000000002,-28.70052407,,
292,0,247.1836432,20.011034600000002,4.249,7.8611869999999975,39.151028000000004,20.261136999999998,18.518131,-28.82278749,,
293,0,169.98789730000001,28.231715899999998,4.131727219,9.000475999999997,31.960175,20.114227,18.738462,-28.62557889,,
294,0,164.2723959,19.1785631,4.13684988,7.0279837,34.66326,20.382746,18.650314,-28.58078573,,
295,0,158.693925,11.0373535,4.29,6.820874000000001,27.276873,20.415210000000002,18.910492,-28.64513928,,
296,0,194.49674919999998,-1.1917636999999999,4.138407707,6.677479300000001,24.9559,20.438270000000006,19.007042000000002,-28.51215186,,
297,0,129.9227059,3.30475988,4.234,4.0021224,28.103876,20.993725,18.878065,-28.54195455,,
298,0,160.33796040000001,33.817119299999995,4.121,7.054592599999999,30.420065,20.378643,18.792082,-28.43253694,,
299,0,184.0569062,43.840098299999994,4.1164598460000015,7.550708,29.315886,20.304876,18.832224,-28.39302006,,
300,0,223.00648470000002,41.0788847,4.141,8.764144,26.602612,20.143112,18.937668,-28.37905291,,
301,0,129.6631956,28.9813108,4.372173786,7.789058,39.393784000000004,20.271143,18.511421,-29.16468878,,
302,0,188.1637295,52.880829799999994,4.34,5.519468,33.543777,20.644968,18.685957000000002,-28.87757734,,
303,0,148.7972263,59.6751878,4.3578815460000015,6.0220127,36.781384,20.550404,18.585918,-28.83754525,,
304,0,257.4675236,33.4849877,4.24,6.213051999999999,31.485828,20.51651,18.754696,-28.8055268,,
305,0,214.63207709999998,44.8271054,4.3361201289999975,5.44836,27.994204999999997,20.659039,18.882309,-28.6794083,,
306,12850,162.84360680000003,31.130362800000004,4.26,2.9365585,22.473515,21.329386,19.120792,-28.59761995,True,check
307,13938,248.3317897,14.195019,4.384036541,4.1080546,23.803553,20.96539,19.058369,-28.69644059,True,False
308,0,207.80732780000002,22.7594343,4.3615465160000015,3.3424172,29.102428000000003,21.189062,18.840158,-28.58417492,,
309,0,218.84760669999997,30.9561262,4.31,3.4331996,19.961496,21.160007,19.249477,-28.54201807,,
310,0,255.7023268,31.679997600000004,4.362,2.9735405,16.992178,21.315823,19.424324,-28.16738301,,
311,0,161.646838,9.92766973,4.354,2.4357562,15.103503,21.531937,19.552236999999998,-28.16436752,,
312,0,162.1943099,44.1196638,4.3469999999999995,0.6610457,10.158922,22.929834,19.982729,-27.60102019,,
313,0,164.7378654,11.0246125,4.3400640489999995,2.4361882,19.087345000000006,21.531744,19.298094,-28.32092718,,
314,0,230.5402397,45.773807,4.33,3.4458290000000003,18.648815,21.156025,19.323326,-28.37906493,,
315,0,160.1672389,-0.2613547,4.326293945,3.1717618,15.681532999999998,21.245876000000006,19.511465,-28.25494948,,
316,0,206.84622230000002,0.36633047,4.2979226110000015,4.0692058,20.287975,20.975695,19.231865,-28.26221099,,
317,0,166.74094409999995,8.27870699,4.29333353,4.1413665,23.376265,20.956629,19.078032999999998,-28.28989819,,
318,0,179.49152519999996,48.9488275,4.29290247,3.5769512999999997,17.710466,21.11553,19.379375,-28.17830494,,
319,0,225.3676551,19.5698326,4.283079624,1.7922039,13.60396,21.863804000000002,19.665751999999998,-28.12217953,,
320,0,186.50284409999998,0.98990175,4.269830703999999,3.2893476,25.459707,21.206413,18.985342000000006,-28.27506503,,
321,0,122.2059584,52.2542527,4.47,3.6796330000000004,23.042555,21.084839000000002,19.093643,-28.97440638,,
322,0,235.918247,34.2956833,4.416345119,2.2889267999999996,34.682995,21.599245,18.649696,-28.91040354,,
323,0,233.1975864,22.6178278,4.438457489,6.0758467000000005,25.040316,20.540745,19.003376,-28.95204051,,
324,0,197.73692,10.9250446,4.479145527,3.9448893,25.104454,21.009348000000006,19.000598999999998,-28.90212663,,
325,0,240.90271090000002,35.140085299999996,4.455,4.2246685,15.288242000000002,20.935026,19.53904,-28.68592819,,
326,0,210.44388569999998,2.74298094,4.424509048,2.5634959999999998,25.6584,21.476582999999998,18.976902,-28.63003199,,
327,0,246.18766269999998,27.2385517,4.499801636,2.4427915000000002,15.462691,21.528812,19.526722,-28.58645384,,
328,0,249.1538721,31.9547577,4.545,1.230391,11.497282,22.269129,19.848394,-28.66287605,,
329,0,136.6451792,2.57606646,4.5013203619999995,1.8697712,17.592458999999995,21.818022,19.386633,-28.74018513,,
330,0,230.02470309999998,23.664711899999997,4.486707211000001,1.3671358999999998,17.925972,22.155796,19.366245000000006,-28.15200381,,
331,0,340.4489851,13.8674345,4.46,1.8478858,16.379564000000002,21.830745999999998,19.464185999999998,-28.54082553,,
332,0,195.56551409999997,55.0982002,4.45815134,1.7590947000000001,11.820041,21.883945,19.81834,-28.19157553,,
333,0,240.90271090000002,35.140085299999996,4.455,4.2246685,15.288242000000002,20.935026,19.53904,-28.68592819,,
334,0,142.0803745,53.67337439999999,4.44,0.32228053,7.110367299999999,23.65322,20.36996,-27.67031184,,
335,0,144.82321430000005,27.4536646,4.402209759,2.5819723999999997,16.544313,21.468803,19.453321,-28.34197684,,
336,15471,16.58018725,0.80647632,4.435,2.7492115000000004,22.501259,21.400818,19.119452,-28.44836023,False,False
337,0,197.73692,10.9250446,4.479145527,3.9448893,25.104454,21.009348000000006,19.000598999999998,-28.90212663,,
338,0,133.521291,17.1771956,4.434175968,2.7398236000000002,15.681296,21.404524,19.511482,-28.22820013,,
339,0,175.0360915,62.0917463,4.516811371,1.4200488000000002,13.1258745,22.114906,19.704588,-28.01177048,,
340,0,160.96338480000003,65.1133127,4.52,1.5873433000000001,11.485799,21.994848,19.849478,-28.13395254,,
341,16474,253.65355919999996,22.4593898,4.6960000000000015,1.6610879,10.410615,21.945845000000002,19.956165,-29.12272736,True,False
342,0,216.77443990000003,33.138305100000004,4.678999999999999,0.5000862,6.2565627,23.218817,20.508760000000002,-28.40810891,,
343,0,183.59179630000003,66.95216620000001,4.669,0.7960151999999999,8.30358,22.734076,20.201610000000002,-28.54651239,,
344,0,222.11589840000002,28.1832064,4.66,1.1286614,9.459371,22.361752,20.06017,-28.83970773,,
345,0,205.3925007,1.69935559,4.65,0.7085674,8.315236,22.856939999999998,20.200087,-28.56185603,,
346,0,225.4543605,59.38118589999999,4.64765358,1.2481174,7.793535,22.25376,20.270407000000002,-28.41893251,,
347,0,225.1162319,43.7002508,4.63,0.99887073,8.027446000000001,22.49251700000001,20.238314000000006,-28.28756702,,
348,0,218.46755180000002,2.45388033,4.623,1.9708493000000002,15.367802,21.761110000000002,19.533405,-29.00690349,,
349,0,195.009017,1.30640271,4.612,1.9331915000000002,11.5672245,21.781967,19.84181,-28.49022596,,
350,0,124.52865829999999,7.32230371,4.6,2.2109616,13.775849,21.636753,19.652122,-28.71575453,,
351,17731,180.2929762,21.2995783,4.579,0.8040525,6.8642710000000005,22.723434,20.408182,-28.55585804,True,False
352,0,248.54924869999996,21.8903015,4.56,1.6387993000000003,7.610773,21.960426000000002,20.296158,-28.33427978,,
353,0,214.80912519999998,-1.8368419999999999,4.56,0.5943901999999999,8.8291235,23.040743,20.135006,-28.26848579,,
354,0,177.3120252,28.2190939,4.556737423,3.5712967000000004,19.533236,21.117247,19.273024,-28.75946874,,
355,0,38.10890438,-5.6248514000000025,4.55,3.7240276,13.906213000000001,21.071835,19.641897,-28.4459465,,
356,0,192.60586819999997,18.582822699999998,4.555,1.0651979999999999,6.595353,22.423756,20.451546,-27.92455744,,
357,0,146.0367628,43.740848,4.564,0.6681577,5.918019999999999,22.91862,20.569113,-27.75480734,,
358,0,137.2306312,33.6104189,4.585,0.64085764,4.9082737000000005,22.96229,20.772029999999997,-27.95763119,,
359,0,143.2786732,33.4324,4.585,0.49037352,5.719886,23.23883,20.606054,-27.86207875,,
360,0,206.22296430000003,29.755455100000002,4.66,0.5156930000000001,4.9039035,23.187368,20.772995,-27.86917245,,
361,0,246.59742889999998,48.69346270000001,4.843,0.7097342,9.126027,22.85521,20.099107999999998,-28.86064353,,
362,0,216.6430556,20.726771799999998,4.82,0.64503616,4.9455279999999995,22.955494,20.76383,-28.21930038,,
363,0,127.8440716,40.773165899999995,4.82,0.5160737,7.775503,23.186611,20.272920000000006,-28.36823189,,
364,0,134.28308869999998,32.1755511,4.799223423,0.23974325,8.071723,23.922520000000002,20.232344,-28.65974786,,
365,0,160.1712338,16.376075,4.798,0.5866691999999999,5.8516755,23.054323,20.581343,-28.51520983,,
366,18802,165.1884793,11.377539599999999,4.740353107,0.85683435,4.7762675,22.655973,20.801594,-28.50080147,True,False
367,0,197.32137580000003,16.9662475,4.71,1.0984023,5.8250585,22.390879,20.586288,-28.40327995,,
368,0,206.44569209999997,-1.9945501,4.7,0.54658675,4.3874574,23.127544,20.893656,-27.81545495,,
369,0,217.5989137,42.076809000000004,4.705,0.45872417,3.9942290000000003,23.306553,20.99544,-28.16010231,,
370,0,194.3251201,37.7916424,4.73,0.35714957,4.976104,23.5547,20.757145,-28.10393486,,
371,0,131.6313723,24.1856594,4.731,0.30197978,4.5548244,23.714401000000002,20.853067000000006,-28.1568794,,
372,0,203.01611090000003,55.518062,4.738007069,0.5999856,5.080376,23.031004,20.734655,-28.10911131,,
373,19407,180.1530448,46.3139722,4.745,0.4336238,4.1582484,23.363207,20.95182,-28.07965639,True,False
374,0,150.7133507,22.5264182,4.75,0.112344995,4.296996,24.474447,20.916242999999998,-27.99582336,,
375,0,330.0361121,0.29581438,4.77,0.08622104,4.678587,24.612398000000002,20.824,-28.23539783,,
376,0,137.8010709,25.9071374,4.805,0.5984929,5.8276014000000025,23.033594,20.585815,-28.26751351,,
377,0,343.1934933,14.423854,4.805,-0.056437604,3.3764907999999996,25.449472,21.177467,-27.65533471,,
378,0,143.8471616,41.2551591,4.808579922,0.710588,3.8964608,22.853943,21.022295,-27.78984371,,
379,0,239.25070469999997,10.311602800000001,4.829,-0.015269004,2.320442,25.206385,21.583181,-27.40436066,,
380,0,214.6666287,31.712242699999997,4.85,0.16095161,2.3298132000000003,24.240885000000002,21.578829000000002,-27.66684078,,
381,20393,2.8134867889999997,14.767168099999996,4.964322567,1.4620149,14.139564499999999,22.083529000000002,19.623829999999998,-29.24040446,False,False
382,0,253.4775691,40.9006148,4.96,0.27360296,5.930201,23.805197,20.566882999999997,-28.81608579,,
383,0,215.2659739,34.5588948,4.96,-0.018129252,4.824545400000001,25.223562,20.790688,-27.94705007,,
384,0,216.35874390000004,8.45512663,4.938,-0.05517969,5.7387624000000015,25.442226,20.60248,-28.63171853,,
385,0,156.5953313,47.3186648,4.93,0.19700976,8.364051,24.086592,20.193735,-28.66453758,,
386,0,234.2094031,50.13620220000001,4.926006317,0.23846503,8.083786,23.927156,20.230724,-28.90873186,,
387,21426,162.8459894,35.7595305,4.91,-0.08942737,7.697610000000001,25.633772,20.283846,-28.97090117,False,False
388,0,198.14200359999998,23.1212105,4.891,0.009470737,4.8674974,25.057292999999998,20.781076000000002,-28.07593068,,
389,0,145.28482340000005,59.7904875,4.8610000000000015,0.2788903,5.666232,23.787785,20.616278,-28.09719162,,
390,0,162.58503380000005,26.33398,4.864,0.063231856,4.597028,24.740425,20.843067,-27.97649799,,
391,0,121.8129966,13.4681068,4.87,0.067614116,3.9029856,24.715584,21.020483,-28.00248977,,
392,0,206.0359005,15.3569592,4.871,0.24243969,3.6892769999999997,23.91279,21.0815,-27.96471254,,
393,0,198.14200359999998,23.1212105,4.891,0.009470737,4.8674974,25.057292999999998,20.781076000000002,-28.07593068,,
394,0,160.85649540000003,40.8137469,4.9060000000000015,0.14477779999999998,4.9147635,24.31525,20.770597,-28.362875,,
395,0,210.92530150000002,12.881273199999999,4.912594318,0.12502769,3.6817305,24.410582,21.08372,-28.12634503,,
396,0,123.3888551,35.1363271,4.92,0.08180501,5.5443370000000005,24.636534,20.639868,-28.42199693,,
397,0,207.0828307,18.3238401,4.94,0.016551387,4.4785237,25.01469800000001,20.871384,-28.24556216,,
398,0,112.7630362,44.9970651,4.98,-0.052290685,4.444329,25.425528,20.879694,-28.3521597,,
399,0,176.7407986,40.619074299999994,4.98,0.23379445,3.9769614,23.944237,21.000134,-28.03621121,,
400,0,204.37004199999998,41.9277372,5.032592773,-0.07220583,3.257876,25.539022,21.216194,-27.89638067,,
