No,RASdeg,DESdeg,RAJ2000,DEJ2000,RAWdeg,DEWdeg,z,M1450,imag,e_imag,SDSS,KOAjobID,extracted,use
1,4.28541667,81.58555556,,,,,3.366,-31.246,,,,104297.0,True,True
2,127.923775132,52.7548742129,127.92377499999998,52.75487499999999,127.9237472,52.75487560000001,3.911,-30.963761,14.842558,0.012393,J083141.70+524517.5,113104.0,True,False
3,216.15878449299998,22.9335307154,216.15878333333333,22.933530555555553,216.1587466,22.9334549,3.62,-30.31231,15.312149,0.015678,J142438.10+225600.7,119681.0,True,True
4,55.4631900093,17.3471526494,55.46319166666666,17.347152777777776,55.46321379999999,17.3471498,3.69,-29.456235,16.19343,0.019872,J034151.16+172049.7,,,
5,329.367623,-36.0375573,,,,,4.692,-29.3,,,,,,
6,296.228556,77.097965,,,,,3.051,-29.18,,,,89604.0,True,True
7,216.734116275,60.4307848586,216.73411666666664,60.4307861111111,216.7341154,60.4308027,3.1860000000000004,-29.134225,16.204409,0.018969,J142656.18+602550.8,124485.0,True,False
8,199.03741457799998,25.8251200465,199.0374125,25.82511944444445,199.03739030000003,25.825125,3.65,-28.988625,16.632611999999998,0.014946,J131608.97+254930.4,,,
9,153.696592332,43.0083819233,153.69659166666662,43.00838055555555,153.6966779,43.0083612,3.1,-28.958687,16.329275,0.020265,J101447.18+430030.1,2315.0,True,check
10,182.737644241,9.90748650013,182.73764583333332,9.90748611111111,182.7376439,9.9074954,3.803,-28.94136,16.768038,0.026503,J121057.03+095426.9,5707.0,False,False
11,141.651398575,30.918069333800002,141.6514,30.91806944444444,141.6513961,30.918065500000004,4.19,-28.910441,17.016810999999993,0.01376,J092636.33+305505.0,9075.0,True,False
12,180.026028653,31.4419095481,180.02602916666663,31.44190833333333,180.0260456,31.4419022,2.98,-28.889844,16.324343,0.018369,J120006.24+312630.8,14150.0,False,False
13,242.18292661099997,7.25239986955,242.18292499999995,7.252399999999999,242.1829267,7.2524107,2.881,-28.88454,16.258808,0.016387,J160843.90+071508.6,16551.0,True,check
14,252.020201996,49.557444424399996,252.0202,49.557444444444435,252.0202127,49.5574542,4.22,-28.835189,17.111710000000002,0.012815,J164804.84+493326.8,,,
15,201.5166465,70.3961983,,,,,2.889,-28.8,,,,,,
16,135.13962086200002,42.2630578646,135.1396208333333,42.26305833333333,135.13961840000002,42.2630734,3.293,-28.745196000000004,16.679543,0.019378,J090033.50+421547.0,18231.0,True,False
17,156.811572371,35.721503503200005,156.81157083333332,35.72150277777777,156.8115876,35.7215076,3.104,-28.710956,16.575665,0.0179,J102714.77+354317.4,20463.0,True,True
18,167.660979292,48.5210320012,167.66097916666664,48.52103333333333,167.660972,48.52102100000001,2.959,-28.691883,16.496881,0.01457,J111038.63+483115.7,27266.0,False,False
19,120.32414814100001,52.176265451300004,120.32415,52.17626666666666,120.3241632,52.1762841,3.209,-28.66658300000001,16.689423,0.01442,J080117.79+521034.5,28424.0,True,True
20,32.160022865,17.1145469416,32.16002083333333,17.11454722222222,32.16003,17.1145359,3.51,-28.634893,16.91165,0.016971,J020838.40+170652.3,,,
21,234.62731467700002,8.921425515,234.62731666666664,8.921425,234.6274146,8.9215561,3.54,-28.612746,16.944364999999998,0.012704,J153830.55+085517.1,,,
22,231.47456926,51.6136579002,231.47457083333333,51.61365833333333,231.4745798,51.6136969,2.883,-28.591885,16.547716,0.014283,J152553.89+513649.1,,,
23,164.484454568,45.9313991916,164.4844541666666,45.9314,164.48441540000005,45.9314193,4.134,-28.577587,17.311007999999998,0.028516000000000007,J105756.26+455553.0,30510.0,True,False
24,249.787955032,28.413099555,249.78795416666665,28.4131,249.7878769,28.413101300000005,3.815,-28.560261,17.14992,0.085964,J163909.10+282447.1,,,
25,245.320509597,-0.714128827854,245.3205083333333,-0.7141277777777777,245.320511,-0.7141546999999999,3.7027,-28.546359,17.093035,0.009202,J162116.92-004250.8,,,
26,6.20099400158,8.2033412149,6.200995833333333,8.203341666666665,6.2010085,8.203333599999999,3.34,-28.532086,16.928274,0.011884,J002448.23+081212.0,,,
27,245.542119172,7.037598029680001,245.5421208333333,7.037597222222222,245.5421016,7.037613900000001,3.264,-28.530601,16.86607,0.013936000000000002,J162210.10+070215.3,,,
28,177.59824719999997,28.3187483147,177.59824583333332,28.31874722222221,177.5982319,28.3187533,3.1180000000000003,-28.519873,16.779196,0.014705,J115023.57+281907.4,,,
29,149.90462832,13.204311849000002,149.9046291666666,13.204311111111107,149.9045929,13.2043783,4.064,-28.507635,17.337372,0.024469,J095937.11+131215.5,,,
30,206.930378305,49.939248682700004,206.93037916666665,49.93925,206.9304174,49.9392448,4.564,-28.501865,17.59617,0.014909,J134743.29+495621.2,34810.0,True,False
31,263.46764338,54.00846015689999,263.4676416666666,54.008461111111096,263.4676262,54.0084578,3.4248,-28.498633,17.013262,0.013837,J173352.23+540030.4,36576.0,True,True
32,179.976379855,20.3225325826,179.97637916666665,20.32253333333333,179.9763864,20.322546,3.425,-28.496990000000004,17.015055,0.015844999999999998,J115954.33+201921.1,,,
33,253.650159309,73.4764009763,253.6501583333333,73.47639999999998,253.6502074,73.476411,4.41,-28.492729,17.57718,0.018849,J165436.03+732835.0,,,
34,180.880375055,15.3818786249,180.880375,15.381877777777774,180.8803936,15.381878400000002,2.985,-28.414449,16.803225,0.025364,J120331.29+152254.7,39575.0,False,False
35,150.700033366,66.5111857809,150.70003333333332,66.5111861111111,150.70002240000005,66.5111879,3.89,-28.395308,17.356884,0.021214,J100248.00+663040.2,,,
36,201.549372078,7.73288482894,201.5493708333333,7.73288611111111,201.5493761,7.732868700000001,4.115,-28.39256,17.480824,0.014818,J132611.84+074358.3,,,
37,175.786998643,34.872857700000004,175.78699999999995,34.87285833333333,175.7869131,34.872763899999995,3.155,-28.382542,16.936087,0.012486,J114308.88+345222.2,39852.0,True,True
38,15.555450343599999,12.756655163800001,15.55545,12.756655555555556,15.555478699999998,12.7566614,2.8,-28.382073,16.693031,0.015837,J010213.30+124523.9,,,
39,167.829602925,13.6010825225,167.82960416666666,13.601083333333333,167.8295874,13.6010796,3.475,-28.375474,17.155869,0.016073,J111119.10+133603.9,,,
40,189.172728886,65.91171860760001,189.17272916666664,65.91171944444443,189.1727219,65.9117329,3.385,-28.370438,17.125339999999998,0.020394,J123641.45+655442.1,,,
41,351.21922796,18.4045915964,351.21922916666665,18.404591666666665,351.21923260000005,18.4045687,3.35,-28.369957,17.101505,0.017067,J232452.61+182416.5,,,
42,3.86366540002,6.669750575399999,3.863666666666666,6.669749999999999,3.8636436,6.6697572,3.17,-28.361856,16.964516,0.018186,J001527.28+064011.1,41580.0,False,False
43,339.973611179,-5.87226473278,339.97361249999994,-5.872263888888887,339.9736487,-5.8722268,4.55,-28.360281,17.731018,0.028244,J223953.66-055220.1,43254.0,True,check
44,354.66553756800005,29.4058341309,354.6655375,29.40583333333333,354.6655506,29.4058283,3.9,-28.353459,17.402842,0.014947,J233839.72+292421.0,,,
45,148.942331675,19.988432504200002,148.94233333333332,19.98843333333333,148.9423094,19.9884601,4.25,-28.348645,17.610979999999994,0.016479,J095546.16+195918.3,,,
46,215.349931249,46.5549890028,215.34992916666664,46.55498888888889,215.3499241,46.55498220000001,3.445,-28.33637,17.186464,0.016211,J142123.98+463317.9,48028.0,True,False
47,179.777186726,13.6271489101,179.77718749999997,13.62715,179.7771779,13.627171300000002,4.05,-28.334859,17.50102,0.020627,J115906.52+133737.7,,,
48,247.73473053900003,4.59983998319,247.73472916666665,4.599838888888888,247.7347284,4.5998617999999984,3.78,-28.297577,17.387978,0.011395,J163056.33+043559.4,,,
49,151.853676712,58.03431120810001,151.85367499999995,58.034311111111094,151.853646,58.03431170000001,3.768,-28.295032,17.383095,0.016569999999999998,J100724.88+580203.5,,,
50,146.892487875,14.3547088638,146.8924875,14.354708333333333,146.89250249999995,14.3547416,3.031,-28.294542,16.945608,0.019022,J094734.19+142116.9,,,
51,221.428155496,49.0469293671,221.42815416666664,49.046930555555534,221.428195,49.0469453,3.88,-28.292993,17.450254,0.009447,J144542.75+490248.9,,,
52,145.508517687,4.3790401708800015,145.50851666666662,4.379038888888888,145.5085329,4.3790199,3.274,-28.289273,17.116344,0.016512,J094202.04+042244.5,54447.0,True,True
53,15.2051888216,-3.32053606009,15.205187499999996,-3.3205361111111107,15.2051659,-3.3205412000000005,3.44,-28.284263,17.235712,0.011859,J010049.24-031913.9,,,
54,180.44961276700002,12.108417140899999,180.4496125,12.108416666666665,180.4496272,12.1084085,3.504,-28.276756,17.258236,0.024030000000000003,J120147.90+120630.3,57261.0,True,True
55,158.582155875,19.2061593401,158.5821541666666,19.206158333333327,158.5821914,19.206151,3.144,-28.270681,17.040318,0.020677,J103419.71+191222.1,,,
56,207.68611566599998,57.2785983631,207.68611666666663,57.278597222222224,207.686193,57.2785838,2.899,-28.266961,16.888254,0.020652,J135044.66+571642.9,59532.0,True,check
57,28.9928310777,-19.480283927000002,28.99282916666667,-19.480283333333333,28.9928011,-19.4802857,3.65,-28.266428,17.331020000000002,0.010161,J015558.27-192849.0,,,
58,158.653360228,18.9188642774,158.65335833333333,18.918863888888886,158.653401,18.9188592,2.857,-28.262146,16.860907,0.020272,J103436.80+185507.9,,,
59,142.136974388,18.8067985327,142.13697499999995,18.80679722222222,142.13697480000005,18.8067838,3.686,-28.261089,17.359972,0.019737,J092832.87+184824.4,,,
60,250.929983273,16.625252674000002,250.92998333333333,16.625252777777774,250.9300398,16.625343,3.15,-28.258111,17.057755,0.015041,J164343.19+163730.9,,,
61,20.4834914141,14.806646130799999,20.483491666666666,14.806647222222221,20.483489,14.8066541,2.872,-28.234157,16.899687,0.016097999999999998,J012156.03+144823.9,61321.0,True,False
62,50.4433497605,11.964849989200001,50.44335,11.964849999999998,50.4433151,11.964832199999998,2.94,-28.22507,16.9515,0.013352,J032146.40+115753.4,,,
63,126.660799433,51.8758944541,126.66079999999998,51.87589444444443,126.6607966,51.8759173,2.85,-28.224341,16.892733,0.018147,J082638.59+515233.2,,,
64,211.94680506400002,64.9055341516,211.94680416666665,64.90553333333332,211.9467252,64.9055357,3.099,-28.220263,17.064606,0.015501,J140747.23+645419.9,64295.0,True,check
65,227.34743417,24.545352981399997,227.34743333333333,24.54535277777777,227.347437,24.5453746,3.045,-28.20532,17.044075,0.012988,J150923.38+243243.2,,,
66,9.54618824605,36.6677626519,9.546187499999998,36.667763888888885,9.5461907,36.6677419,3.48,-28.199296,17.328968,0.031338,J003811.08+364003.9,,,
67,238.60899857099997,19.617510027799998,238.609,19.61751111111111,238.6090052,19.6174928,4.612,-28.187437,17.902723,0.016947999999999998,J155426.16+193703.0,,,
68,136.097386401,13.1557530144,136.0973875,13.155752777777774,136.0973399,13.1558046,2.983,-28.187007,17.015929999999994,0.012552,J090423.37+130920.7,,,
69,233.00669049599998,37.0006629283,233.00669166666665,37.00066388888889,233.0066922,37.00066010000001,3.099,-28.178478,17.107546,0.016163,J153201.60+370002.3,3091.0,True,False
70,25.2049551901,-8.661793875419999,25.204954166666663,-8.661794444444443,25.2049427,-8.6617993,3.7131,-28.175604,17.46186,0.011387,J014049.18-083942.4,,,
71,147.558548156,58.0268172295,147.55854999999997,58.02681666666666,147.55851189999996,58.0268279,3.973,-28.173826,17.619308,0.015029,J095014.05+580136.5,,,
72,220.708830995,9.3337655172,220.70882916666665,9.333766666666666,220.7088304,9.333771,3.529,-28.172924,17.365660000000002,0.018017,J144250.11+092001.5,,,
73,32.4613014802,-0.0851358584374,32.461299999999994,-0.0851361111111111,32.4613061,-0.08512689999999999,2.85,-28.171999,16.943659,0.014111000000000004,J020950.71-000506.4,,,
74,220.919579002,58.948120983900004,220.91957916666664,58.948122222222224,220.91959790000004,58.9481216,4.314,-28.169644,17.833149,0.01718,J144340.69+585653.2,,,
75,167.83579319700002,24.6280200091,167.8357916666666,24.62801944444444,167.83580569999995,24.6280058,3.185,-28.16815200000001,17.173225,0.017004,J111120.59+243740.8,,,
76,177.21445585599997,23.227900003400002,177.21445416666663,23.2279,177.2144717,23.2278941,3.083,-28.15235,17.122835000000002,0.017279,J114851.46+231340.4,,,
77,185.929824658,50.6315198667,185.929825,50.631519444444436,185.929834,50.63151729999999,3.491,-28.144065,17.385138,0.01647,J122343.15+503753.4,,,
78,359.5355914,1.41866792527,359.5355916666666,1.4186666666666663,359.5356118,1.418669,3.395,-28.140381,17.35291,0.017647,J235808.54+012507.2,,,
79,147.384456409,3.59216373205,147.38445833333333,3.5921638888888885,147.38444909999996,3.5921526,4.107,-28.135538,17.730902,0.015733,J094932.27+033531.7,,,
80,341.50935814,27.4966784542,341.5093583333333,27.496677777777766,341.5093516,27.4966828,3.029,-28.126031,17.11052,0.01577,J224602.24+272948.0,,,
81,191.654427123,26.4167416413,191.65442916666663,26.41674166666667,191.6544629,26.4167567,3.132,-28.120665,17.188254999999998,0.013048,J124637.06+262500.2,,,
82,23.096708464000002,18.698807675,23.09670833333333,18.69880833333333,23.0966985,18.6987969,3.72,-28.117935,17.524217999999998,0.023634,J013223.21+184155.7,,,
83,158.207864625,5.6884306468,158.20786666666663,5.688430555555555,158.20784550000005,5.6884196,2.8510000000000004,-28.114371,17.000944,0.010053,J103249.88+054118.3,,,
84,42.1973496589,-5.23756696352,42.19734999999999,-5.237566666666666,42.1973255,-5.2375455,3.51,-28.109396000000004,17.424072,0.021819,J024847.36-051415.2,,,
85,69.0996611122,-0.0674690713433,69.0996625,-0.06746944444444443,69.0996915,-0.06743049999999999,3.85,-28.104629,17.620167000000006,0.010248,J043623.91-000402.8,,,
86,19.3473778518,-8.69229871044,19.347379166666666,-8.6923,19.3473863,-8.6923213,3.1630000000000003,-28.094906,17.231989000000002,0.018256,J011723.37-084132.2,30322.0,True,check
87,120.990593027,39.139735204699996,120.99059166666665,39.13973611111111,120.9905607,39.1397614,2.975,-28.094112,17.103369,0.019026,J080357.74+390823.0,,,
88,142.310417371,28.4247634228,142.3104166666666,28.42476388888889,142.3103987,28.4247779,3.395,-28.082256,17.410254000000002,0.014094999999999996,J092914.50+282529.1,,,
89,204.58362044,56.1973419953,204.58362083333333,56.19734166666666,204.5838103,56.19736700000001,3.801,-28.082011,17.61065,0.012116,J133820.06+561150.4,,,
90,62.265046671499995,14.8636260752,62.26504583333333,14.863624999999995,62.265193,14.863729800000002,4.21,-28.078622,17.84715,0.017096,J040903.61+145149.0,,,
91,164.311756626,44.0566225554,164.31175833333333,44.056622222222224,164.311732,44.0566285,3.34,-28.076698,17.377754,0.016663,J105714.82+440323.8,,,
92,168.74087552700001,78.9857618511,168.740875,78.9857611111111,168.7408691,78.9857545,3.05,-28.073047,17.179333,0.013483000000000002,J111457.81+785908.7,,,
93,180.434862347,1.26990390285,180.4348625,1.2699027777777776,180.4348561,1.2699546999999998,3.233,-28.069745,17.298681,0.014819,J120144.36+011611.6,17087.0,True,False
94,249.96050477400001,43.6676977805,249.96050416666665,43.66769722222222,249.9605034,43.6677118,3.99,-28.066911,17.731148,0.013806,J163950.52+434003.7,,,
95,162.456086214,59.5774345165,162.45608749999997,59.57743333333333,162.45608810000004,59.57742560000001,3.539,-28.059663,17.482637,0.011271,J104949.46+593438.7,,,
96,225.884084218,36.688353436199996,225.8840833333333,36.68835277777777,225.88407200000003,36.6883618,3.257,-28.056975,17.32809,0.018257,J150332.18+364118.0,,,
97,10.0905602671,-3.58093360258,10.090558333333332,-3.5809333333333333,10.0905432,-3.5809333,3.3,-28.0496,17.370403,0.01921,J004021.73-033451.3,,,
98,218.317166632,31.523984098499998,218.31716666666665,31.52398333333333,218.31721690000003,31.5239875,2.948,-28.047603,17.133268,0.019863,J143316.12+313126.3,,,
99,317.195670349,-2.02078796337,317.19567083333334,-2.0207888888888887,317.1956647,-2.0207791,3.46,-28.044852,17.473770000000002,0.01365,J210846.96-020114.8,,,
100,223.537318644,51.245491315100004,223.53731666666664,51.24549166666666,223.5373378,51.24548400000001,3.64,-28.038028000000004,17.553644,0.015613,J145408.95+511443.7,,,
101,338.537475307,0.000469774950035,338.537475,-0.0004694444444444443,338.5374631,0.000464,3.025,-28.026113,17.210312,0.019146,J223408.99+000001.6,,,
102,46.20774186550001,-0.137097013358,46.207741666666664,-0.1370972222222222,46.2077401,-0.1370699,3.2951,-28.025863,17.38999,0.012119,J030449.85-000813.5,,,
103,45.9210409339,-0.389417043046,45.92104166666666,-0.3894166666666666,45.9210253,-0.3893945,3.2267,-28.022568,17.342215,0.018064,J030341.05-002321.9,19652.0,True,check
104,346.93357309699996,12.8849823365,346.933575,12.88498333333333,346.93359289999995,12.8849919,3.07,-28.020471,17.24674,0.022271,J230744.05+125305.9,,,
105,11.0180603702,33.3966278045,11.018058333333332,33.396627777777766,11.0180485,33.396624100000004,2.8216,-28.019424,17.074576999999998,0.012106,J004404.33+332347.8,,,
106,215.67927326900002,44.289286535500004,215.679275,44.289286111111096,215.6792961,44.2892693,3.615,-28.014891,17.56286,0.014365,J142243.02+441721.4,,,
107,3.29626328258,20.895205411400003,3.2962625,20.895205555555552,3.2962261,20.8952423,3.52,-28.010543,17.525988,0.015191,J001311.10+205342.7,,,
108,149.717484803,12.0458451815,149.71748333333332,12.045844444444445,149.7174741,12.0458646,3.298,-28.007206,17.411432,0.028176,J095852.19+120245.0,,,
109,24.10222491630001,15.465298243800001,24.102225,15.46529722222222,24.1022303,15.4653085,3.3,-28.004742,17.415722,0.016638,J013624.53+152755.0,,,
110,189.47844111400002,8.6852188094,189.47844166666664,8.685219444444442,189.478427,8.6852001,2.883,-28.002326,17.13736,0.013839,J123754.82+084106.7,,,
111,213.33774089099998,9.368018846210001,213.33774166666663,9.368019444444442,213.3377398,9.3680425,3.327,-27.992083,17.45284,0.022094,J141321.05+092204.8,,,
112,38.6036098602,23.6720599929,38.60360833333333,23.672061111111113,38.6036307,23.6720347,2.82,-27.989488,17.104742,0.014147,J023424.86+234019.4,,,
113,135.262243304,35.8245956031,135.26224166666665,35.824594444444436,135.2621283,35.8246307,3.114,-27.98687,17.309729,0.021328,J090102.93+354928.5,,,
114,48.279753112799995,2.75423316089,48.27975416666666,2.754233333333333,48.2797658,2.7542531,3.15,-27.985643,17.335588,0.014672,J031307.14+024515.2,,,
115,18.9589133255,26.3375138595,18.9589125,26.33751388888889,18.958932,26.3375312,3.1,-27.975259,17.311985,0.016062,J011550.13+262015.0,,,
116,181.181807355,65.3321368591,181.18180833333332,65.3321361111111,181.1818288,65.33218760000001,3.65,-27.971274,17.628912,0.010039,J120443.63+651955.6,,,
117,170.042913814,-13.7738719926,170.04291249999997,-13.77387222222222,170.0429574,-13.7738506,3.958,-27.965285,17.8133,0.014055000000000002,J112010.29-134625.9,123929.0,True,False
118,199.809175342,52.033361221999996,199.809175,52.033361111111105,199.80920580000003,52.0333626,3.91,-27.964984,17.787767000000006,0.012192,J131914.20+520200.1,,,
119,131.973706276,27.6151633358,131.97370833333332,27.615163888888887,131.9737542,27.6151483,3.87,-27.961072,17.769522,0.022678,J084753.69+273654.5,,,
120,155.855483217,51.7141861387,155.85548333333332,51.7141861111111,155.8554126,51.7141758,3.465,-27.952882,17.56748,0.01725,J102325.31+514251.0,,,
121,315.027489622,2.7094179829,315.02749166666666,2.7094166666666664,315.0275038000001,2.7093769,3.725,-27.949397,17.688935999999995,0.009711,J210006.59+024233.9,,,
122,345.75605136800004,-9.658533361729999,345.75605,-9.658533333333333,345.7560657,-9.6586174,3.455,-27.948711,17.568502,0.013345,J230301.45-093930.7,,,
123,82.6822839657,-6.44906388106,82.68228333333332,-6.4490638888888885,82.68226949999998,-6.4490682,3.54,-27.94678900000001,17.595263,0.011767,J053043.74-062656.6,,,
124,216.430523041,54.1053740556,216.430525,54.105375,216.4304965,54.1053941,3.247,-27.945927,17.432785,0.01583,J142543.32+540619.3,24056.0,True,check
125,185.003465167,25.708539049499997,185.00346666666664,25.70853888888889,185.0034516,25.7085396,4.034,-27.945669,17.87346,0.026631,J122000.83+254230.7,,,
126,8.07651304673,7.6423896924,8.0765125,7.642388888888887,8.076487599999998,7.6423815,3.262,-27.938343,17.451193,0.021091,J003218.36+073832.6,,,
127,16.196495328399998,25.2394518019,16.19649583333333,25.239452777777768,16.1965017,25.2394842,3.16,-27.938314,17.39337,0.018584,J010447.15+251422.0,,,
128,136.287019916,30.965934674499998,136.28702083333332,30.96593333333333,136.287054,30.9659545,3.023,-27.937681,17.299464999999998,0.016211,J090508.88+305757.3,,,
129,24.168626278,22.327323712800002,24.168624999999995,22.327325,24.1685803,22.3273421,3.7032,-27.937355,17.689532999999994,0.018045,J013640.47+221938.3,,,
130,358.286554461,37.7497412751,358.28655416666663,37.749741666666665,358.2865632,37.749723,3.115,-27.936598,17.362709,0.017108,J235308.77+374459.0,,,
131,207.0490364,28.3005102702,207.0490375,28.300511111111106,207.0490367,28.3004929,2.974,-27.936041,17.270084,0.015992,J134811.76+281801.8,,,
132,239.80144931200002,48.472213211,239.80145,48.47221388888888,239.8014246,48.4722084,3.408,-27.935674,17.562808999999998,0.016069,J155912.34+482819.9,,,
133,159.376375174,21.5920765075,159.37637499999997,21.592077777777767,159.376388,21.5920599,3.634,-27.933552,17.656492,0.01542,J103730.33+213531.4,,,
134,203.289539118,25.654714583,203.2895375,25.65471388888889,203.2895617,25.6547372,3.03,-27.930449,17.310799,0.017345,J133309.48+253916.9,,,
135,179.998793433,41.0313710534,179.99879166666665,41.03137222222222,179.9987634,41.0313492,2.84,-27.929825,17.182627,0.017534,J115959.71+410152.9,,,
136,340.589467428,-3.91622028471,340.5894666666666,-3.9162194444444434,340.5894809,-3.9162137,3.16,-27.928265000000003,17.404120000000002,0.014209,J224221.47-035458.3,,,
137,182.32472773900002,11.641761889100001,182.32472916666663,11.641761111111107,182.3247262,11.6417808,3.103,-27.910771,17.380041000000002,0.019639,J120917.93+113830.3,3688.0,True,check
138,168.46088162200002,-15.5594563055,168.46088333333333,-15.559455555555553,168.46095730000005,-15.559405900000002,3.37,-27.9102,17.567448000000002,0.015787,J111350.61-153334.0,,,
139,197.70051495400003,36.2659206648,197.70051666666663,36.265919444444435,197.7007331,36.266039,3.429,-27.907972,17.60022,0.076382,J131048.12+361557.3,,,
140,230.332001482,-0.805225093185,230.332,-0.8052249999999999,230.3319818,-0.8051794,2.935,-27.906838,17.273764,0.016363,J152119.68-004818.8,,,
141,232.176234017,61.1523020312,232.17623333333333,61.15230277777778,232.1762695,61.1523056,3.09,-27.905738,17.374926000000002,0.017789,J152842.29+610908.2,,,
142,179.798040347,31.5742473977,179.79804166666665,31.57424722222222,179.7980674,31.5742393,3.0380000000000003,-27.904319,17.340769,0.022297,J115911.53+313427.2,,,
143,32.826230140999996,14.869564901099999,32.826229166666664,14.869563888888884,32.826211,14.8696163,3.58,-27.89995200000001,17.657047,0.017641,J021118.29+145210.4,,,
144,196.269785211,30.2018962696,196.2697833333333,30.201897222222208,196.2697812,30.2018942,3.8,-27.898261,17.784128,0.013982,J130504.74+301206.8,,,
145,231.150359917,21.3858613303,231.15035833333332,21.385861111111108,231.1503814,21.3859287,3.592,-27.897216,17.666178,0.016296,J152436.08+212309.1,,,
146,128.983723913,25.513346872399996,128.983725,25.51334722222222,128.98370659999998,25.5133209,3.36,-27.896213,17.574972,0.012034,J083556.09+253048.0,,,
147,27.8579462567,30.9112369948,27.85794583333333,30.911236111111112,27.8579588,30.911245500000003,3.152,-27.891698,17.437217999999998,0.016799,J015125.90+305440.4,,,
148,21.4448362654,21.256144934800002,21.4448375,21.25614444444444,21.4447955,21.2561305,3.93,-27.889733000000003,17.872856,0.014652000000000004,J012546.76+211522.1,,,
149,167.535906347,2.74946511506,167.5359083333333,2.7494638888888887,167.5358969,2.7494771,4.117,-27.889213,17.977509,0.017157,J111008.61+024458.0,,,
150,253.067137627,49.4674945064,253.0671375,49.46749444444443,253.0671295,49.4674943,2.967,-27.887702,17.314487,0.015330000000000003,J165216.11+492802.9,,,
151,186.84839175599998,44.7732190043,186.84839166666663,44.773219444444436,186.8483652,44.7732117,3.281,-27.884259000000004,17.522476,0.014411000000000004,J122723.61+444623.5,,,
152,41.0076906547,-1.56771720518,41.00769166666665,-1.5677166666666664,41.00768920000001,-1.5677514,4.01,-27.882843,17.922264000000006,0.01891,J024401.84-013403.7,125016.0,True,False
153,175.84882579599997,19.5800201283,175.84882499999995,19.580019444444442,175.8488181,19.5799858,3.3480000000000003,-27.876504,17.586374,0.021369,J114323.71+193448.0,,,
154,246.334662346,22.9758028316,246.3346625,22.975802777777766,246.3346422,22.975835600000003,3.775,-27.873526,17.791292000000006,0.015115,J162520.31+225832.8,,,
155,192.299823415,21.913563264,192.299825,21.913563888888888,192.2998212,21.9135672,3.36,-27.868387,17.603088,0.015059,J124911.95+215448.8,,,
156,347.90153070699995,24.970158066,347.90152916666665,24.97015833333333,347.90153619999984,24.9701519,3.992,-27.862812,17.932875,0.016544999999999997,J231136.36+245812.5,,,
157,41.1991280796,-8.268344084,41.19912916666666,-8.268344444444441,41.1991343,-8.2683462,4.0710000000000015,-27.861219,17.976528,0.0108,J024447.79-081606.0,,,
158,197.772980008,51.0105958295,197.77297916666663,51.010594444444436,197.7729486,51.01072960000001,3.151,-27.857622,17.470175,0.022332,J131105.51+510038.1,5285.0,True,False
159,158.734636524,3.98317264003,158.7346375,3.9831722222222217,158.73460559999995,3.983175,3.361,-27.854976,17.617426000000005,0.01128,J103456.31+035859.4,,,
160,182.39386919900002,55.6293112581,182.39387083333332,55.62931111111111,182.3938875,55.6293186,3.587,-27.851608,17.706129999999995,0.014354,J120934.52+553745.5,,,
161,192.488497103,-1.99133483968,192.48849583333333,-1.9913361111111108,192.4885084,-1.9913162,3.665,-27.851463,17.751392000000006,0.026035000000000003,J124957.23-015928.8,26547.0,True,False
162,56.3408794461,16.0516346347,56.34087916666666,16.05163333333333,56.34088249999999,16.051661300000006,2.91,-27.84981,17.3119,0.014683000000000003,J034521.81+160305.8,,,
163,323.246206887,16.5080895979,323.2462083333333,16.508088888888885,323.2461927,16.5080997,3.54,-27.842842,17.69306,0.011659,J213259.09+163029.1,,,
164,40.871325858,3.933196642880002,40.87132499999999,3.933197222222221,40.87134260000001,3.9332181,3.3,-27.839086,17.585226000000002,0.015952,J024329.11+035559.5,,,
165,228.402942436,43.1189761633,228.40294166666664,43.11897499999999,228.4029357,43.1189948,3.287,-27.83761,17.575478,0.015708,J151336.70+430708.3,,,
166,196.79270989,12.5060303929,196.7927083333333,12.506030555555556,196.7927474,12.5060547,3.202,-27.836813,17.516157,0.015884,J130710.25+123021.7,,,
167,345.54603788300005,3.22900598559,345.54603749999984,3.2290055555555552,345.5460203,3.2290042000000003,3.44,-27.836183,17.676989000000006,0.015279,J230211.04+031344.4,,,
168,44.7734780563,0.189427928962,44.77347916666666,0.18942777777777767,44.7734824,0.189428,3.373,-27.831341,17.649721,0.011904,J025905.63+001121.9,,,
169,258.11562654200003,57.9186003628,258.115625,57.91859999999999,258.1156411,57.9186157,3.0081,-27.820917,17.403029999999998,0.014098,J171227.75+575506.9,,,
170,149.671736019,28.4582190549,149.67173749999995,28.458219444444442,149.6717267,28.4582089,3.4,-27.820153,17.676933,0.013287,J095841.21+282729.5,,,
171,356.60695515599997,-0.26678479141999994,356.60695416666664,-0.26678611111111106,356.6069792,-0.2667933,3.499,-27.812652000000003,17.712076,0.017655,J234625.66-001600.4,,,
172,309.251071084,-17.570948576099994,309.2510708333333,-17.57094722222222,309.25104689999995,-17.5709794,3.145,-27.81029,17.510572,0.011595,J203700.25-173415.4,,,
173,343.9009324440001,-2.96012415251,343.9009333333333,-2.960125,343.9009099,-2.9600915,3.22,-27.806162,17.555548,0.014766,J225536.22-025736.4,,,
174,29.150096846999997,4.758044308590001,29.15009583333333,4.758044444444444,29.150127500000004,4.7580255,2.9930000000000003,-27.803795,17.410973000000002,0.013879,J015636.02+044528.9,,,
175,155.041639816,10.667426430299999,155.04164166666664,10.667427777777776,155.0416407,10.6674158,3.159,-27.802732,17.525347,0.014176,J102009.99+104002.7,34151.0,True,check
176,220.54554162,39.6740796166,220.54554166666665,39.67408055555555,220.5455818,39.6740739,2.91,-27.800786,17.356737,0.025154,J144210.93+394026.6,,,
177,19.467433365999998,5.85671725895,19.46743333333333,5.856716666666666,19.4674353,5.8567026,3.52,-27.80034,17.727716,0.024131,J011752.18+055124.1,,,
178,230.789230069,0.361591822939,230.78922916666664,0.3615916666666665,230.7892051,0.3615974,2.84,-27.79358400000001,17.312866,0.009796,J152309.41+002141.7,,,
179,151.438822464,30.1411804056,151.43882083333332,30.14118055555555,151.4388477,30.1411518,3.115,-27.791202,17.508423,0.009521,J100545.31+300828.2,,,
180,342.804971723,8.49000958943,342.8049708333333,8.490008333333332,342.8049818,8.4900084,3.02,-27.785753000000003,17.443493,0.016577,J225113.19+082924.0,,,
181,132.256751465,32.9015308539,132.25674999999998,32.901530555555546,132.2566321,32.9014431,3.51,-27.778062,17.746956,0.021056,J084901.62+325405.5,,,
182,156.102413789,58.9655606299,156.1024125,58.9655611111111,156.10238930000003,58.9655534,2.954,-27.774315,17.41493,0.015828000000000002,J102424.57+585756.0,,,
183,324.207320198,-1.48116776054,324.2073208333333,-1.4811666666666663,324.2073115,-1.4811922,3.28,-27.766493,17.640745000000006,0.013781,J213649.75-012852.2,,,
184,194.70667213,23.6487608205,194.70667083333333,23.648761111111106,194.7066245,23.6487355,3.195,-27.762184,17.58172,0.013374,J125849.60+233855.5,,,
185,219.80143179799998,29.913354012800003,219.8014333333333,29.913352777777767,219.8014035,29.9133455,2.991,-27.759281,17.452433,0.01334,J143912.34+295448.0,,,
186,121.12736568,54.3447706726,121.12736666666665,54.34476944444444,121.1273193,54.3447572,3.73,-27.758363,17.880367,0.01915,J080430.56+542041.1,,,
187,161.213757905,24.5640358241,161.21375833333332,24.56403611111111,161.2137546,24.5640947,3.855,-27.757262,17.95865,0.015691,J104451.30+243350.5,,,
188,27.186695900100002,25.034155371599997,27.18669583333333,25.034155555555554,27.1866447,25.0341687,2.93,-27.755554,17.414177,0.014337,J014844.80+250202.9,,,
189,21.0157426622,0.7424359165659999,21.015741666666663,0.7424361111111109,21.0157324,0.7423983000000001,3.836,-27.755324,17.949753,0.017146,J012403.77+004432.7,,,
190,189.56264840900002,44.507283035,189.56265,44.50728333333333,189.5627044,44.5072664,3.3,-27.751317,17.673231,0.01329,J123815.03+443026.2,,,
191,66.2654886333,-5.752475351619999,66.26548749999999,-5.752475,66.26547579999999,-5.7524752,3.08,-27.750952,17.521576,0.017273,J042503.71-054508.9,,,
192,350.639771849,17.8860024526,350.6397708333333,17.886002777777776,350.6397652,17.8860052,3.32,-27.749515,17.69282,0.013712,J232233.54+175309.6,,,
193,27.328099495,1.95628113009,27.3281,1.956280555555556,27.3280969,1.9562779,2.892,-27.746522,17.390632999999998,0.019537,J014918.74+015722.6,,,
194,229.69207285299998,48.379378674499996,229.69207083333333,48.379377777777776,229.6920902,48.3793525,3.294,-27.741364,17.677751999999995,0.012223,J151846.09+482245.7,,,
195,306.97216526200003,-5.37319323263,306.9721666666666,-5.373194444444443,306.9721992000001,-5.3732748,3.005,-27.739514,17.480013,0.006336,J202753.32-052223.5,,,
196,333.88787068700003,23.9319091952,333.8878708333333,23.93190833333333,333.8877862,23.9318285,3.065,-27.737943,17.523360999999998,0.016319,J221533.08+235554.8,,,
197,17.113524408,28.038433371500002,17.113525,28.03843333333333,17.113513,28.0383981,3.565,-27.736015,17.806612,0.013635,J010827.24+280218.3,,,
198,173.392630448,13.098124251700002,173.39262916666664,13.098124999999998,173.3926387,13.0980154,3.682,-27.73100800000001,17.874197,0.014431,J113334.23+130553.2,,,
199,214.07176573799998,36.1321911109,214.07176666666663,36.13219166666666,214.0717944,36.1324019,3.386,-27.725393,17.766548,0.010627,J141617.22+360755.8,,,
200,172.534157862,53.905545368999995,172.53415833333332,53.90554444444444,172.5340421,53.90546170000001,3.043,-27.723758,17.521547,0.016374,J113008.19+535419.9,,,
201,339.550164629,33.0961939723,339.55016666666666,33.09619444444444,339.55024,33.096144800000005,3.025,-27.72356,17.508982,0.015016,J223812.04+330546.3,,,
202,202.668299539,35.9238846219,202.6683,35.92388333333333,202.668284,35.92390289999999,3.793,-27.722607,17.95845,0.017109,J133040.39+355525.9,,,
203,1.11923238335,35.3414007862,1.119233333333333,35.34139999999999,1.1192626,35.3414099,3.71,-27.722225,17.90241,0.016893000000000002,J000428.61+352029.0,,,
204,221.778378667,21.4775805913,221.77837916666664,21.477580555555548,221.77835930000003,21.4775928,3.235,-27.72041,17.648666,0.014908,J144706.81+212839.2,,,
205,217.26263392,-1.75537812988,217.26263333333333,-1.7553777777777777,217.2626424,-1.7553853,3.42,-27.716024,17.788902,0.017439,J142903.03-014519.3,,,
206,229.821272549,57.6264052629,229.82127083333333,57.626405555555536,229.8212726,57.6264249,3.655,-27.709334,17.878373999999994,0.016121,J151917.10+573735.0,,,
207,246.60596817200002,43.488943192200004,246.60596666666663,43.488944444444435,246.6059792,43.4889306,3.735,-27.708862,17.934696,0.012943,J162625.43+432920.1,130272.0,True,False
208,6.14736169885,2.11345359334,6.147362499999999,2.1134527777777774,6.1473984,2.1134619,2.826,-27.70847,17.374973,0.011039,J002435.36+020648.4,,,
209,21.399264731800002,40.2404565242,21.399266666666666,40.24045555555555,21.3993688,40.2404199,3.055,-27.708226,17.546804,0.018898,J012535.82+401425.6,,,
210,143.03106969799998,36.962644587199996,143.03107083333333,36.962644444444436,143.0310756,36.9626688,2.883,-27.705061,17.419987,0.015628,J093207.45+365745.5,,,
211,221.318613433,9.97669066792,221.3186125,9.976691666666666,221.3185921,9.9766774,3.5410000000000004,-27.702713,17.831179000000006,0.016659999999999998,J144516.46+095836.0,,,
212,170.744872245,16.7611981194,170.74487083333332,16.761197222222222,170.7449001,16.7611913,3.03,-27.7019,17.534983,0.018319,J112258.76+164540.3,,,
213,32.333191703800004,13.2463184827,32.333191666666664,13.246319444444444,32.3331909,13.2463038,3.82,-27.699966,17.995995999999995,0.017847,J020919.96+131446.7,,,
214,353.335581566,12.3394843108,353.33558333333326,12.339483333333332,353.335597,12.3395355,3.1,-27.698697,17.587002,0.014989,J233320.54+122022.1,,,
215,241.414611788,2.2843954766,241.4146125,2.284394444444444,241.4145965,2.2843881,3.165,-27.696787,17.624544,0.015031999999999997,J160539.50+021703.8,,,
216,198.14736583400003,-3.33095589134,198.14736666666664,-3.3309555555555552,198.14735,-3.3309237,2.94,-27.696756,17.478106,0.018725,J131235.36-031951.4,,,
217,248.188355685,48.0585492811,248.18835416666664,48.05855,248.1883399,48.0585853,2.9,-27.696721000000004,17.442942000000002,0.014195,J163245.20+480330.7,,,
218,143.405343261,28.7589980247,143.40534166666666,28.75899722222222,143.40535680000005,28.7589959,3.431,-27.696648,17.80995,0.017856,J093337.28+284532.3,,,
219,231.172516525,16.6687694353,231.17251666666664,16.668769444444443,231.1725449,16.668785699999994,2.99,-27.694675,17.514925,0.016884,J152441.40+164007.5,,,
220,334.220384778,30.7477379802,334.2203833333333,30.74773888888889,334.220345,30.7477185,3.03,-27.692684000000003,17.544634,0.01515,J221652.89+304451.8,,,
221,194.99468716099997,61.022948693100005,194.9946875,61.02295,194.9947198,61.022947,3.572,-27.692382,17.85505,0.01551,J125958.72+610122.6,,,
222,51.1513430917,17.8782191908,51.15134166666666,17.878219444444444,51.1513217,17.8782167,3.59,-27.691935,17.86346,0.016156,J032436.32+175241.5,,,
223,30.7336601557,31.439142371,30.73365833333333,31.439141666666664,30.7336545,31.439130100000003,3.06,-27.690742,17.568813000000002,0.013548,J020256.07+312620.9,,,
224,206.829587344,28.725774316,206.8295875,28.725774999999995,206.8296143,28.7257652,3.63,-27.688844,17.884659,0.019093,J134719.10+284332.7,,,
225,26.4635290856,-1.34192698293,26.463529166666664,-1.3419277777777776,26.4635318,-1.3418987,3.1367,-27.688642,17.616685999999994,0.012849,J014551.24-012030.9,,,
226,238.313747968,-2.5411243105400003,238.31375,-2.541125,238.313721,-2.5411655,3.47,-27.687929,17.82613,0.017943999999999998,J155315.30-023228.0,,,
227,140.855234239,45.5395102187,140.85523333333333,45.539511111111096,140.8552632,45.5395268,3.4524,-27.685458,17.824837,0.013763999999999998,J092325.25+453222.2,,,
228,32.497000021,24.8131627394,32.49699999999999,24.813163888888887,32.4970211,24.8131464,3.105,-27.684658,17.603545999999994,0.015761,J020959.28+244847.3,,,
229,260.91170295,39.439283586900004,260.91170416666665,39.43928333333333,260.9118726,39.43928070000001,3.465,-27.682049,17.830626000000006,0.064377,J172338.80+392621.4,,,
230,138.79173318,47.9496693325,138.79173333333333,47.94966944444444,138.7917009,47.9496644,3.3360000000000003,-27.678047,17.780178,0.01864,J091510.01+475658.8,,,
231,151.20679103700002,62.274225673800004,151.20679166666662,62.274225,151.20679209999997,62.274198,2.8,-27.675229,17.387646,0.013184,J100449.63+621627.2,,,
232,196.325410748,28.6380902205,196.3254125,28.638088888888888,196.3253947,28.63809,2.87,-27.674536,17.436766,0.011623,J130518.09+283817.1,,,
233,172.87673953799995,60.7390731126,172.8767375,60.73907222222221,172.8765594,60.7391699,2.91,-27.674287,17.474094,0.013149,J113130.41+604420.6,,,
234,199.80165488400002,53.789051370200006,199.80165416666665,53.78905,199.8016605,53.78905200000001,3.08,-27.672082,17.601448,0.013648,J131912.39+534720.5,,,
235,24.5297472046,17.4041102615,24.52974583333333,17.40411111111111,24.529700100000003,17.4041259,3.19,-27.671261,17.664223,0.014412,J013807.13+172414.8,,,
236,211.939589742,40.617303935500004,211.93959166666664,40.61730277777777,211.9395916,40.6172843,3.18,-27.670057,17.659044,0.017141999999999998,J140745.50+403702.2,,,
237,352.821873019,-5.67251300355,352.821875,-5.672513888888887,352.82187400000015,-5.6724695,3.14,-27.668866,17.637297,0.018507,J233117.25-054021.0,,,
238,230.429818098,-12.0401480498,230.42981666666665,-12.04014722222222,230.4298111,-12.0401086,3.2,-27.666574,17.675356,0.014224,J152143.15-120224.5,,,
239,126.39665821,51.4517697094,126.39665833333332,51.45176944444444,126.3966251,51.45177260000001,3.495,-27.662956,17.85669,0.017023,J082535.19+512706.3,,,
240,358.375256304,-5.13831714875,358.3752583333333,-5.138316666666666,358.37521910000015,-5.1383047,3.105,-27.658858,17.628834,0.016839,J235330.06-050817.9,,,
241,141.236121484,30.898542134299998,141.23612083333333,30.89854166666667,141.23611709999997,30.8985422,3.457,-27.658139,17.851364,0.032605,J092456.66+305354.7,,,
242,174.087709219,0.8392432684919999,174.08770833333332,0.8392444444444443,174.08770819999995,0.8392475,3.4281,-27.653971,17.849035,0.021353,J113621.05+005021.2,,,
243,151.54396363,37.0871851838,151.5439625,37.08718611111111,151.5440064,37.0871835,3.204,-27.652912,17.691345000000005,0.011683,J100610.55+370513.8,,,
244,200.731929533,39.2022230089,200.73192916666665,39.20222222222222,200.7319388,39.2022277,2.987,-27.652021,17.555218,0.016856,J132255.66+391208.0,,,
245,10.0429922221,26.882816365100002,10.042991666666666,26.88281666666667,10.0430686,26.882673600000004,3.274,-27.651051,17.747965,0.014096,J004010.31+265258.1,,,
246,249.092072868,49.494800395,249.0920708333333,49.49479999999999,249.0920499,49.4947998,3.53,-27.649922,17.882435,0.015052,J163622.09+492941.2,,,
247,156.156635161,2.51645425895,156.15663333333333,2.5164555555555554,156.1566344,2.5164381,2.885,-27.643795,17.481474,0.015844999999999998,J102437.59+023059.2,,,
248,339.582357625,-9.35167167697,339.58235833333333,-9.351672222222222,339.5822218,-9.351707199999998,3.2594,-27.642066,17.743597,0.018729,J223819.76-092106.0,,,
249,328.992918819,2.48225678916,328.9929208333333,2.482255555555555,328.9929066,2.4822514,3.535,-27.64183400000001,17.892836,0.013094,J215558.30+022856.1,,,
250,218.053588263,11.6647724476,218.0535875,11.66477222222222,218.0536103,11.6647794,3.003,-27.641297,17.5778,0.015941,J143212.86+113953.1,,,
251,243.20936886299998,38.6752386196,243.2093708333333,38.67523888888889,243.2093611,38.6752497,2.931,-27.640701,17.525951,0.020904,J161250.24+384030.8,,,
252,173.66331468400003,29.0301237323,173.66331666666665,29.030124999999995,173.6632892,29.0301104,3.195,-27.638581,17.699446,0.016755000000000003,J113439.19+290148.4,,,
253,157.350695313,42.6367398398,157.35069583333333,42.636738888888885,157.35071409999995,42.6367273,3.275,-27.638173,17.76148,0.020624,J102924.16+423812.2,,,
254,128.898705211,21.3778147811,128.89870416666665,21.377813888888888,128.89872920000002,21.3778141,3.113,-27.636376,17.655272,0.014238,J083535.68+212240.1,,,
255,20.149776116199998,-9.77561015133,20.149775,-9.77561111111111,20.1497528,-9.775600099999998,2.99,-27.635705,17.573723,0.023271,J012035.94-094632.2,,,
256,58.2411037875,-1.03359116928,58.24110416666666,-1.0335916666666665,58.24111170000001,-1.0336096,3.06,-27.633091,17.628784,0.015667,J035257.86-010200.9,,,
257,338.217392984,34.620230623299996,338.21739166666663,34.62023055555555,338.2173905,34.620235,3.645,-27.632265000000004,17.946165,0.007871,J223252.17+343712.8,,,
258,27.2110787206,-9.12026118564,27.211079166666664,-9.120261111111107,27.211080100000004,-9.1202272,3.317,-27.62602,17.81544,0.013031,J014850.65-090712.9,,,
259,196.986384232,4.37098745769,196.98638333333332,4.370986111111111,196.9863431,4.3710089000000005,3.012,-27.624403000000004,17.60211,0.014418,J130756.73+042215.5,,,
260,186.327749982,48.5211947489,186.32775,48.52119444444444,186.3278374,48.5212092,3.082,-27.623094,17.652237,0.016165000000000002,J122518.66+483116.3,6141.0,True,False
261,34.6232370934,22.6706402216,34.623237499999995,22.670638888888888,34.6232519,22.670654100000004,3.135,-27.622625,17.680320000000005,0.012355,J021829.57+224014.3,,,
262,13.2026279718,21.8904832227,13.202629166666664,21.89048333333333,13.202701800000002,21.8904926,3.39,-27.621304,17.869629,0.016872,J005248.63+215325.7,,,
263,138.282638135,44.337312061400006,138.2826375,44.337311111111106,138.2826448,44.33732020000001,2.93,-27.617994,17.547976000000002,0.017268000000000002,J091307.83+442014.3,,,
264,195.905066104,19.8241007247,195.90506666666664,19.8241,195.9050899,19.8241495,2.9610000000000003,-27.615525,17.572674,0.01802,J130337.21+194926.7,,,
265,226.85967865799998,44.1136743238,226.85967916666664,44.11367499999999,226.8596871,44.113693100000006,3.09,-27.61518,17.664606,0.015575,J150726.32+440649.2,8101.0,True,False
266,167.755435359,-15.0884814169,167.75543333333331,-15.088480555555556,167.7554561,-15.0884394,3.0353,-27.612682,17.632404,0.011717,J111101.30-150518.5,,,
267,180.879772005,20.6385243186,180.8797708333333,20.638525,180.8797602,20.6386237,3.475,-27.611132,17.901695,0.017089,J120331.14+203818.6,,,
268,248.003391373,51.2912156058,248.00339166666663,51.291216666666664,248.0038379,51.2914963,2.86,-27.610435,17.493645,0.011876,J163200.81+511728.3,,,
269,18.1242950502,-2.57315112212,18.124295833333328,-2.57315,18.1243309,-2.5730832,2.8574,-27.604716,17.497683,0.016334,J011229.83-023423.3,,,
270,136.791223513,25.105783703,136.79122499999997,25.10578333333333,136.79122880000003,25.1058005,3.31,-27.604334,17.830496,0.017322999999999998,J090709.89+250620.8,,,
271,329.431773352,23.510372266199997,329.431775,23.51037222222222,329.4317872,23.5103267,3.145,-27.602724,17.70591,0.009388,J215743.62+233037.3,,,
272,153.500838437,31.453425124000002,153.5008375,31.453425,153.5008113,31.453430600000004,2.81,-27.601441,17.462286,0.009999,J101400.20+312712.3,,,
273,214.8439386,4.39215299355,214.8439375,4.3921527777777785,214.8440298,4.392092,2.8,-27.601037,17.456314000000006,0.015969999999999998,J141922.54+042331.7,,,
274,245.879766232,48.3117128853,245.87976666666665,48.31171388888888,245.8797725,48.3117018,2.85,-27.599088,17.497142999999998,0.011356,J162331.14+481842.1,,,
275,194.44048078400002,21.3708311232,194.44047916666665,21.370830555555557,194.4404766,21.3708299,2.873,-27.594829,17.524368,0.01741,J125745.71+212214.9,,,
276,155.48566627600002,30.027899241300002,155.48566666666662,30.027899999999995,155.4856493,30.027898600000004,3.12,-27.588464,17.707333,0.015834,J102156.56+300140.4,8685.0,True,False
277,19.8141388315,30.8868728462,19.8141375,30.88687222222222,19.8141867,30.8868429,3.08,-27.581737,17.692919,0.012341,J011915.39+305312.7,,,
278,80.5709655871,-5.5986642539,80.57096666666666,-5.598663888888887,80.5709314,-5.5985803,2.85,-27.579275,17.520757999999994,0.01952,J052217.03-053555.1,,,
279,23.455344490599998,9.708167826339999,23.45534583333333,9.708166666666664,23.4554207,9.7081119,2.93,-27.578672,17.587645000000002,0.016438,J013349.28+094229.4,,,
280,163.151416424,25.665596784,163.15141666666662,25.66559722222221,163.1514253,25.6655947,2.914,-27.578382,17.576862,0.012555,J105236.34+253956.1,,,
281,228.612414567,34.0391808463,228.6124125,34.039180555555554,228.6124121,34.0391785,3.1630000000000003,-27.572413,17.747457999999995,0.021335,J151426.97+340221.0,,,
282,24.199856395300003,-6.4649037840900005,24.19985833333333,-6.464902777777778,24.1998438,-6.4649269999999985,3.285,-27.572225,17.837372,0.020822,J013647.96-062753.6,,,
283,210.05770415700002,38.9050005648,210.05770416666664,38.905,210.0577228,38.9050029,3.283,-27.571607,17.835955,0.011692,J140013.84+385418.0,,,
284,39.6838118458,6.1559589865,39.6838125,6.1559583333333325,39.6837955,6.1559395,2.82,-27.571388,17.50307,0.021663,J023844.11+060921.4,,,
285,203.4273673,12.5646434143,203.42736666666664,12.564644444444443,203.427367,12.5646391,3.275,-27.570601,17.828917999999994,0.02951,J133342.56+123352.7,,,
286,206.845126077,46.90792794520001,206.845125,46.90792777777778,206.8451475,46.9079133,2.915,-27.570598,17.585657,0.023109,J134722.83+465428.5,,,
287,212.94866609599998,14.3649805173,212.94866666666664,14.364980555555556,212.9486441,14.3650079,3.5460000000000003,-27.570101,17.96823,0.014847999999999997,J141147.68+142153.9,,,
288,202.18754635599998,51.0405287158,202.18754583333333,51.040527777777775,202.18756,51.0405239,3.411,-27.569549,17.925337,0.017312,J132845.01+510225.9,,,
289,204.9247947,5.8061514898,204.92479583333332,5.806152777777778,204.9247773,5.8061782,2.982,-27.569438,17.634176,0.011739,J133941.95+054822.1,,,
290,176.45159540900002,39.629631611,176.45159583333333,39.62963055555555,176.45166840000005,39.62967,3.108,-27.56880300000001,17.721195,0.010806,J114548.38+393746.6,,,
291,173.78371264700004,22.4543325325,173.78371249999995,22.45433333333333,173.7837294,22.4543238,2.885,-27.568157,17.565983,0.021416,J113508.09+222715.6,,,
292,148.93441657,18.429694733599998,148.93441666666664,18.429694444444443,148.93438490000003,18.429687,3.482,-27.566767,17.949268,0.026163,J095544.26+182546.9,,,
293,129.509749995,48.9036060395,129.50975,48.90360555555554,129.5097543,48.9036309,3.1934,-27.566104,17.771635,0.018674,J083802.34+485412.9,,,
294,159.112026188,13.4477077894,159.112025,13.447708333333333,159.11201619999997,13.4477332,3.1010000000000004,-27.565292,17.721037,0.012794,J103626.88+132651.7,,,
295,42.590689740900004,-7.9638765356,42.590691666666665,-7.9638777777777765,42.5907126,-7.963908900000002,3.337,-27.561357,17.898670000000006,0.021047,J025021.76-075749.9,,,
296,246.414997852,-0.894751029199,246.4149958333333,-0.8947499999999999,246.4149839,-0.8948029000000001,3.415,-27.560696000000004,17.935114000000006,0.011629,J162539.59-005341.1,,,
297,234.458737808,20.176589856099998,234.4587375,20.176588888888887,234.458762,20.1765537,3.4131,-27.560647,17.934649,0.013774000000000002,J153750.09+201035.7,,,
298,247.002206897,30.3515410381,247.00220833333333,30.351541666666666,247.0022103,30.351556800000004,3.26,-27.560567,17.824741,0.022294,J162800.53+302105.5,,,
299,191.810179035,31.4447314798,191.81017916666664,31.444730555555548,191.8102046,31.4447397,2.957,-27.55471,17.629934,0.019382,J124714.44+312641.0,,,
300,122.48345068799999,50.3335929557,122.48345,50.33359166666666,122.4834679,50.3335998,3.29,-27.552038,17.863049,0.015285,J080956.02+502000.9,,,
301,338.164494895,13.255033275,338.16449583333326,13.255033333333332,338.1645162,13.255062300000002,3.49,-27.549061,17.970492999999994,0.012924,J223239.47+131518.1,,,
302,242.35388705900002,21.0136165234,242.3538875,21.013616666666664,242.3538918,21.0136319,3.043,-27.548432,17.703176000000006,0.015021,J160924.93+210049.0,,,
303,77.0910198493,-6.18931173181,77.09102083333332,-6.189311111111111,77.09104920000001,-6.1893301,2.92,-27.547417,17.612675,0.014214,J050821.84-061121.5,,,
304,0.913139477778,20.5238330367,0.9131375,20.52383333333333,0.9131026,20.5238583,2.96,-27.547162,17.63963,0.017217,J000339.15+203125.8,,,
305,359.5833732590001,7.495085425560001,359.58337499999993,7.49508611111111,359.5834001,7.4950554,2.87,-27.541239,17.584776,0.016715999999999998,J235820.01+072942.3,,,
306,178.91086545599998,5.5140614595700015,178.91086666666664,5.51406111111111,178.91084990000004,5.5140709,3.463,-27.540302,17.970570000000006,0.014852,J115538.60+053050.6,,,
307,344.78895853800003,4.01552440011,344.78895833333326,4.015524999999999,344.7889795,4.0155046,2.8812,-27.539833,17.594896,0.020408000000000003,J225909.35+040055.8,,,
308,3.47959781194,-1.38446060349,3.4795958333333328,-1.3844611111111107,3.4795942,-1.3844889,3.3964,-27.537967,17.95198,0.015415,J001355.10-012304.0,,,
309,145.325760417,14.1410557709,145.32576249999997,14.141055555555553,145.3257377,14.141048199999998,3.522,-27.537035,17.992468,0.013622,J094118.18+140827.8,,,
310,205.86971496799998,57.3630904379,205.86971666666665,57.36309166666666,205.8696496,57.3630944,3.039,-27.533031,17.715656,0.022716,J134328.73+572147.1,,,
311,29.752816187399997,-3.46035282944,29.752816666666664,-3.4603527777777767,29.7528033,-3.4603537,2.9,-27.524031,17.623987,0.021584,J015900.67-032737.2,,,
312,183.732805168,51.719946776899995,183.73280416666665,51.719947222222224,183.7328045,51.7201492,3.082,-27.520843,17.755262,0.017179,J121455.87+514311.8,,,
313,20.5549231048,-6.582539411919999,20.554925,-6.582538888888887,20.5548818,-6.5825122,3.2060000000000004,-27.518196000000003,17.828808,0.015135,J012213.18-063457.1,,,
314,335.733801547,-9.77673473651,335.7338,-9.77673611111111,335.73379730000005,-9.776719900000002,2.9264,-27.515182,17.648779,0.011718,J222256.11-094636.2,,,
315,241.05824770700002,39.8561019476,241.05824583333333,39.85610277777777,241.0582671,39.8560723,3.16,-27.510933,17.81108,0.019268,J160413.97+395121.9,38297.0,True,False
316,38.6454839952,5.19299215,38.64548333333333,5.192991666666666,38.6454692,5.192923,2.813,-27.509342,17.57256,0.039592,J023434.91+051134.7,,,
317,151.435548184,52.150885411800004,151.43554999999995,52.150886111111106,151.4355395,52.1508885,3.16,-27.500059000000004,17.822687,0.016735,J100544.53+520903.1,,,
318,172.24105822299995,36.3806219637,172.2410583333333,36.38062222222222,172.2410437,36.3806645,2.898,-27.497416,17.649403,0.019601,J112857.85+362250.2,,,
319,170.18471085299998,44.3987247872,170.1847125,44.39872499999999,170.1846895,44.398727,3.095,-27.495929,17.788185000000006,0.013894,J112044.33+442355.4,,,
320,168.333510174,12.2635819584,168.33350833333333,12.263583333333333,168.3335176,12.2635546,3.181,-27.490219,17.84442,0.018684,J111320.04+121548.8,,,
321,138.043109692,5.79503013592,138.04310833333332,5.795030555555555,138.04309719999998,5.7950921,3.233,-27.490104,17.874983,0.019451,J091210.34+054742.1,,,
322,156.290153019,4.879665499830001,156.2901541666666,4.879666666666666,156.2901681,4.8796599,3.23,-27.487884,17.875207999999994,0.014336000000000003,J102509.63+045246.8,,,
323,341.54496825900003,-6.83163749707,341.54496666666665,-6.83163611111111,341.5449772,-6.8316018,3.17,-27.485945,17.843102,0.018855,J224610.79-064953.8,,,
324,163.31728469,27.212519899,163.3172833333333,27.212519444444442,163.31729769999995,27.2125451,3.143,-27.484286,17.829752,0.030318,J105316.14+271245.0,,,
325,322.319205012,0.632419441123,322.3192041666666,0.6324194444444443,322.3191411,0.6324390999999999,2.955,-27.482098,17.700876,0.01189,J212916.60+003756.7,,,
326,177.54493019999995,65.2127202939,177.54492916666663,65.21271944444443,177.54492230000002,65.2127468,3.12,-27.481876,17.818195000000006,0.015551,J115010.78+651245.7,,,
327,173.37574992700004,14.7996943979,173.37574999999995,14.799694444444444,173.3757823,14.7997241,3.252,-27.48172000000001,17.898332999999994,0.018723,J113330.18+144758.9,,,
328,191.668214578,11.2174792802,191.6682125,11.217480555555555,191.6682047,11.2174785,3.149,-27.481706,17.835993,0.018142,J124640.37+111302.9,,,
329,151.702811989,54.579762799799994,151.7028125,54.579763888888884,151.7028202,54.5797569,2.9,-27.479707,17.667818,0.021088,J100648.67+543447.1,,,
330,61.43686093149999,13.1037540284,61.43686249999999,13.103752777777775,61.43683879999999,13.1037858,2.835,-27.478112,17.62752,0.014659,J040544.84+130613.5,,,
331,176.981747367,29.6483209329,176.98174583333332,29.64832222222222,176.981727,29.6483984,3.323,-27.473599,17.97172,0.021296,J114755.61+293853.9,,,
332,21.4558550243,11.7724368633,21.455854166666665,11.772436111111107,21.4558411,11.772458,3.1,-27.470385,17.817204999999994,0.013346,J012549.40+114620.7,,,
333,231.678590026,66.8485220616,231.67859166666665,66.84852222222221,231.6786801,66.8485747,3.02,-27.463718,17.769724,0.014325,J152642.86+665054.6,,,
334,144.463272154,42.775995051100004,144.46327083333333,42.775994444444436,144.46331719999995,42.7760375,2.9409,-27.463137,17.709518,0.015441,J093751.18+424633.5,,,
335,198.960083759,46.593700538,198.96008333333333,46.59369999999999,198.9600565,46.5937157,3.003,-27.459005,17.761505,0.01644,J131550.42+463537.3,,,
336,132.454091997,27.9440963186,132.45409166666664,27.94409722222222,132.4541075,27.9441027,2.863,-27.457512,17.667442,0.016278,J084948.98+275638.7,,,
337,219.92939109900001,49.2040157425,219.92939166666665,49.20401666666666,219.9294336,49.20405170000001,3.0725,-27.453351,17.815994,0.017488999999999998,J143943.05+491214.4,,,
338,348.39422180300005,-10.197890790599999,348.3942208333333,-10.197891666666663,348.3941988,-10.1978674,2.975,-27.451364,17.747107,0.019812,J231334.61-101152.4,,,
339,221.68646222900003,34.4361856822,221.6864625,34.436186111111105,221.6864935,34.4361936,3.05,-27.442019,17.811730999999995,0.015169,J144644.75+342610.2,,,
340,266.30926982200003,51.287169131000006,266.3092708333333,51.28716944444444,266.3093501,51.287128,3.28,-27.434194,17.972618,0.017256,J174514.22+511713.8,,,
341,236.000682358,53.317612456499994,236.0006833333333,53.317611111111106,236.0006586,53.3176178,2.982,-27.433841,17.76996,0.022258,J154400.16+531903.4,,,
342,171.477970255,57.3115108349,171.47797083333333,57.311511111111095,171.47799740000005,57.3115031,2.965,-27.432917,17.757611999999995,0.02236,J112554.71+571841.4,,,
343,350.887973896,10.5947752961,350.88797499999987,10.594774999999998,350.8879572,10.5947551,2.87,-27.427586,17.699704999999994,0.015373,J232333.11+103541.1,,,
344,135.782210891,22.4922586325,135.7822125,22.49225833333333,135.7822323,22.4922587,3.035,-27.423828000000004,17.818722,0.012173,J090307.73+222932.1,,,
345,183.13354162299999,15.123787101400001,183.13354166666664,15.123786111111107,183.133564,15.1238486,3.064,-27.42006,17.842491,0.02045,J121232.05+150725.6,,,
346,303.344766991,-12.568504470399999,303.34476666666666,-12.568505555555555,303.34479080000006,-12.5684625,3.015,-27.419737,17.808422,0.009337,J201322.74-123406.6,,,
347,40.8291379841,2.96296636758,40.8291375,2.962966666666666,40.8291242,2.9629825,3.28,-27.407587,17.999311,0.013606,J024318.99+025746.6,,,
348,40.0865710276,-17.0045644354,40.08657083333333,-17.004563888888885,40.0865647,-17.0045891,3.26,-27.397704,17.991964000000007,0.015029,J024020.77-170016.4,,,
349,152.996328932,36.8618740512,152.9963291666666,36.861875,152.9963236,36.8618663,3.0117,-27.396158000000003,17.828595999999994,0.025303,J101159.11+365142.7,,,
350,173.350394158,19.7213091587,173.35039583333332,19.72130833333333,173.35043530000004,19.7212883,2.895,-27.395735,17.744398,0.018797,J113324.09+194316.7,,,
351,162.290915093,37.6330800107,162.29091666666662,37.63308055555555,162.291108,37.6328122,3.003,-27.395153000000004,17.823309,0.082762,J104909.82+373759.0,,,
352,128.856563429,22.2193633179,128.8565625,22.21936388888889,128.8565242,22.2193918,2.935,-27.389581,17.777817000000006,0.013228,J083525.57+221309.7,,,
353,207.864714438,26.5696409086,207.8647125,26.569641666666666,207.8646542,26.5696219,3.141,-27.385953000000004,17.92813,0.016562,J135127.53+263410.7,,,
354,157.133714643,-0.7686320382870001,157.13371666666666,-0.7686333333333333,157.1336728,-0.768625,2.885,-27.384479,17.748648,0.015938,J102832.09-004607.0,,,
355,23.660959393400002,-19.5350836189,23.66095833333333,-19.53508333333333,23.660925,-19.5350737,3.131,-27.383571000000003,17.924278,0.020072,J013438.63-193206.3,,,
356,195.897861933,17.4275366974,195.8978625,17.42753611111111,195.8977983,17.4274992,3.18,-27.381293,17.95395,0.013967,J130335.48+172539.1,,,
357,237.65335830200002,5.630574404169999,237.65335833333333,5.630574999999999,237.6534525,5.6306909,3.1460000000000004,-27.374596,17.941779999999994,0.011611,J155036.80+053750.0,9647.0,True,False
358,357.235360845,-10.691994640299999,357.23536249999995,-10.691994444444443,357.235332,-10.6920082,3.175,-27.372624,17.95945,0.024826,J234856.48-104131.1,39886.0,True,check
359,169.9088962,22.770602979299998,169.90889583333333,22.770602777777768,169.9089292,22.7705863,3.09,-27.37197,17.907646,0.021728,J111938.13+224614.1,,,
360,35.1167597521,7.521930240589999,35.11675833333333,7.521930555555555,35.1167539,7.521890400000001,3.18,-27.371902,17.962837,0.013691,J022028.02+073118.9,,,
361,136.341929351,10.863780279,136.34192916666666,10.863780555555556,136.34190880000003,10.8637895,2.98,-27.370994,17.82985,0.013234,J090522.06+105149.6,,,
362,252.686581039,39.0126884289,252.68657916666663,39.01268888888888,252.68658030000003,39.0127059,3.1630000000000003,-27.367435,17.957829999999994,0.014382,J165044.77+390045.6,,,
363,187.061630545,-1.16485985097,187.06162916666665,-1.164861111111111,187.061628,-1.1648412,2.85,-27.36352,17.746387,0.0255,J122814.79-010953.4,,,
364,7.50675666401,27.9163465875,7.506758333333333,27.91634722222221,7.5067519,27.9163721,3.092,-27.361028000000005,17.919622,0.020567,J003001.62+275458.8,,,
365,315.104292606,-6.69610452052,315.10429166666665,-6.696105555555555,315.1043117,-6.696247500000001,3.1377,-27.36051,17.950020000000006,0.012509,J210025.03-064145.9,10867.0,True,False
366,187.94510641,13.957779934100001,187.9451083333333,13.957780555555553,187.9451134,13.9577856,2.875,-27.351722,17.773004999999994,0.017172999999999997,J123146.82+135728.0,,,
367,241.53612943299999,-2.0581879674900003,241.53612916666665,-2.0581888888888886,241.5360975,-2.0581879,2.95,-27.345635,17.832483,0.015536,J160608.67-020329.4,,,
368,181.770548301,41.7520383583,181.77055,41.75203888888888,181.7705489,41.7519897,3.182,-27.336589,17.996893,0.017902,J120704.93+414507.3,,,
369,179.385409849,24.3976743055,179.38540833333332,24.397675,179.38540869999997,24.397650100000003,3.129,-27.328271,17.974235999999994,0.015166,J115732.49+242351.6,,,
370,206.10636164599998,40.7982736705,206.1063625,40.798275,206.1063357,40.7982694,2.985,-27.324991,17.878288,0.019758,J134425.52+404753.7,,,
371,156.740579459,22.3724756069,156.74057916666663,22.372475,156.74056480000004,22.3724989,3.024,-27.323968,17.906727,0.016596,J102657.73+222220.9,,,
372,174.830031703,11.9686088269,174.83003333333332,11.968608333333332,174.83001069999997,11.9686431,2.906,-27.322372,17.822985,0.018364,J113919.20+115806.9,,,
373,186.529971993,17.6138675702,186.52997083333332,17.613866666666667,186.5300085,17.6138646,2.942,-27.322285,17.849731,0.016144,J122607.19+173649.9,,,
374,152.516483602,33.440461969299996,152.51648333333333,33.440461111111105,152.51654140000005,33.440470899999994,2.988,-27.32042,17.884892,0.024485,J101003.95+332625.6,,,
375,3.97145290985,29.455958751,3.9714541666666654,29.45595833333333,3.9714652,29.4559604,3.075,-27.320036,17.946949,0.011142,J001553.14+292721.4,,,
376,36.6366438733,20.4633918568,36.63664583333333,20.463391666666666,36.6366908,20.4633717,2.86,-27.319049,17.794442999999994,0.016588,J022632.79+202748.2,,,
377,20.6329716327,13.6613376544,20.632970833333328,13.661338888888887,20.6329804,13.6613223,3.04,-27.316469,17.925402,0.021292,J012231.91+133940.8,,,
378,204.476715407,45.210893332,204.47671666666665,45.210894444444435,204.476714,45.211039,2.809,-27.31366,17.767525,0.014347,J133754.41+451239.2,,,
379,249.96641038799999,9.067142658389999,249.96640833333333,9.067141666666666,249.96642180000003,9.0671458,3.12,-27.312362,17.98327,0.014519999999999996,J163951.93+090401.7,,,
380,9.7545905632,-21.7414539586,9.754591666666665,-21.741452777777774,9.7545865,-21.7414243,3.03,-27.307569,17.927048000000006,0.020206,J003901.10-214429.2,,,
381,196.108954176,12.045991425499999,196.10895416666665,12.045991666666666,196.1090121,12.0459944,2.98,-27.298782,17.900586999999994,0.015572,J130426.14+120245.5,,,
382,19.6483607402,39.0829718699,19.6483625,39.08297222222222,19.6483052,39.0831223,3.0,-27.292061,17.921305,0.016791999999999998,J011835.60+390458.7,,,
383,132.034015341,62.4727595153,132.03401666666664,62.47275833333333,132.0339883,62.47276970000001,2.98,-27.286273,17.913052,0.019425,J084808.16+622821.9,,,
384,21.6920829221,21.4512582426,21.69208333333333,21.451258333333328,21.6920708,21.4512672,2.87,-27.284199,17.835596,0.011625,J012646.10+212704.5,,,
385,165.789840859,78.9633282076,165.78984166666663,78.96332777777776,165.7898251,78.963337,3.065,-27.281561,17.977339,0.014843,J110309.56+785747.9,,,
386,240.266070904,34.1736422085,240.26607083333332,34.17364166666666,240.2660704,34.1736388,2.968,-27.271293,17.919667999999994,0.022368,J160103.85+341025.1,,,
387,74.3913687058,-5.41904337922,74.39136666666666,-5.4190444444444426,74.3912608,-5.4192068,2.91,-27.270685,17.878187,0.017865,J045733.92-052508.5,,,
388,5.27701460141,27.2488975256,5.2770166666666665,27.24889722222222,5.2769878,27.2488705,2.88,-27.269206,17.857860000000006,0.018284,J002106.48+271456.0,,,
389,6.903740662510001,2.44235276634,6.903741666666666,2.4423527777777774,6.9037386,2.4423536,2.92,-27.26201,17.894470000000005,0.015844999999999998,J002736.89+022632.4,,,
390,218.150100094,24.999440292,218.1501,24.999441666666666,218.1499782,24.9994356,2.864,-27.261686,17.854338000000006,0.011657,J143236.02+245957.9,,,
391,215.6699732,21.4456600764,215.669975,21.44566111111111,215.6699806,21.4456491,3.023,-27.257647,17.97231,0.014163,J142240.79+212644.3,,,
392,334.009698372,0.974065864773,334.0096999999999,0.9740666666666664,334.0096988,0.9740476999999998,2.864,-27.2572,17.858944,0.014073,J221602.32+005826.6,,,
393,357.5145438890001,8.81885191071,357.5145458333333,8.818852777777776,357.5145352,8.818907300000003,2.82,-27.253537,17.834063,0.019918,J235003.49+084907.8,,,
394,182.82381717099997,33.7507374893,182.82381666666663,33.75073611111111,182.8238094,33.7509336,2.97,-27.251827,17.940920000000006,0.016679,J121117.71+334502.6,,,
395,129.526205329,54.0460037266,129.52620416666664,54.04600277777778,129.5262187,54.04599029999999,2.847,-27.236711,17.868599,0.015232,J083806.28+540245.6,,,
396,305.023894015,-12.5495455287,305.0238958333333,-12.549544444444445,305.023888,-12.5495518,3.005,-27.232518,17.985622,0.014113999999999996,J202005.73-123258.3,,,
397,177.597896011,41.7261069465,177.59789583333333,41.72610833333333,177.59787769999997,41.726075,2.9288,-27.222718,17.94171,0.015502000000000004,J115023.49+414333.9,,,
398,167.639132069,11.549998501300001,167.63913333333332,11.54999722222222,167.6391046,11.5500018,2.903,-27.220306,17.925467,0.012738,J111033.39+113259.9,,,
399,48.842056242,-8.0121449821,48.842054166666664,-8.012144444444441,48.842029,-8.012111299999999,2.8817,-27.196012,17.935760000000005,0.010294,J031522.09-080043.7,,,
400,261.055315645,57.1796297726,261.0553166666666,57.17963055555553,261.05553,57.1796433,2.833,-27.191905,17.906284,0.017756,J172413.27+571046.6,,,
401,247.50169046,24.1906203536,247.50169166666663,24.19061944444444,247.501681,24.1906542,2.82,-27.18997700000001,17.899986,0.017218,J163000.40+241126.2,,,
402,154.339253155,32.33164135,154.33925416666662,32.33164166666666,154.3391987,32.3316555,2.875,-27.183011,17.9448,0.022585,J101721.42+321953.9,,,
403,153.928354866,78.9602190793,153.92835416666662,78.96021944444443,153.9282615,78.9602063,2.91,-27.17797,17.975618,0.016125999999999998,J101542.80+785736.7,,,
404,189.683544162,43.8804505499,189.6835458333333,43.88045,189.6835489,43.8804629,2.812,-27.171762,17.913933,0.022705,J123844.05+435249.6,,,
405,250.139881436,54.3286996072,250.13988333333333,54.32869999999999,250.1398802,54.3287169,2.87,-27.170358,17.954718,0.01315,J164033.57+541943.3,,,
406,151.269985399,19.2211911406,151.26998333333333,19.221191666666666,151.27000800000005,19.2211929,2.823,-27.163458,17.929502,0.017912,J100504.79+191316.2,,,
407,178.85977790599998,35.1813007493,178.85977916666664,35.18129999999999,178.85977590000005,35.181295500000004,2.84,-27.162540000000003,17.941801,0.010038,J115526.34+351052.6,,,
408,317.113580897,-3.1465993933200003,317.1135791666666,-3.1465999999999994,317.1135655,-3.1466316,2.82,-27.158752000000003,17.932434,0.016044,J210827.25-030847.7,,,
409,219.598000343,8.52462242068,219.59799999999998,8.524622222222222,219.5979779,8.5246314,2.838,-27.146321,17.9574,0.017486,J143823.52+083128.6,,,
410,139.73901897,2.86817969992,139.7390208333333,2.868180555555555,139.7390215,2.8682368,2.8560000000000003,-27.136754,17.980352,0.014319,J091857.36+025205.4,,,
411,136.16458222100002,22.1806526474,136.16458333333333,22.180652777777773,136.16457230000003,22.1807032,2.829,-27.114592,17.98384,0.017494,J090439.50+221050.3,,,
